concern_id,concern_name,concern_category,assigned,confidence,suggested
CONCERN_COL_2,Self-Directed Learning Skills,Self-Learning Deficit,Problem,0.92,Capability
CONCERN_ADJ_5,Career Direction Clarity,Career Direction Ambiguity,Problem,0.92,Capability
CONCERN_COM_8,Internship Readiness,Internship Preparedness Deficit,Problem,0.92,Capability
CONCERN_DIS_10,Resume Building Awareness,Resume Awareness Deficit,Problem,0.92,Capability
CONCERN_MOT_13,Building Industry-Relevant Skills,Industry Skill Gap,Problem,0.92,Capability
CONCERN_EMP_14,Networking and Relationship Building Skills,Networking Weakness,Problem,0.92,Capability
CONCERN_ACA_16,Interview Preparation Discipline,Interview Discipline Weakness,Problem,0.92,Capability
CONCERN_EMP_21,Building Consistent Learning Habits in College,College Learning Discipline Weakness,Problem,0.92,Capability
CONCERN_EXA_24,Presentation Skills During Seminars,Presentation Anxiety,Problem,0.92,Capability
CONCERN_COM_25,Building a Strong LinkedIn/Profile Presence,Professional Identity Visibility Weakness,Problem,0.92,Capability
CONCERN_CAR_26,Adaptability During Internships,Internship Adaptability Weakness,Problem,0.92,Capability
CONCERN_EMP_31,Building Long-Term Career Vision,Long-Term Career Ambiguity,Problem,0.92,Capability
CONCERN_CAR_32,Ownership of Skill Development,Skill Development Dependency,Trait,0.92,Capability
CONCERN_COM_35,Consistency in Skill Practice,Skill Practice Inconsistency,Problem,0.92,Capability
CONCERN_EXA_37,Building Independent Decision-Making Skills,Independent Judgment Weakness,Problem,0.92,Capability
CONCERN_THI_38,Academic-to-Professional Transition Readiness,Academic-Professional Transition Gap,Problem,0.92,Capability
CONCERN_CAR_39,Building Leadership Confidence in Campus Activities,Leadership Confidence Weakness,Problem,0.92,Capability
CONCERN_COM_43,Multiple Skill Certifications,Certification Overload,Problem,0.92,Capability
CONCERN_DIS_44,Adaptability to Hybrid/Remote Work Environments,Hybrid Work Adaptability Weakness,Problem,0.92,Capability
CONCERN_THI_47,Building Professional Discipline Without Supervision,Professional Discipline Weakness,Problem,0.92,Capability
CONCERN_LIF_50,Industry Awareness About Emerging Careers,Emerging Career Awareness Deficit,Problem,0.92,Capability
CONCERN_CAR_51,Building Portfolio-Based Career Profiles,Portfolio Development Weakness,Problem,0.92,Capability
CONCERN_CAR_52,Emotional Resilience After Internship Rejections,Internship Rejection Sensitivity,Trait,0.92,Capability
CONCERN_EXA_53,Building Long-Term Professional Consistency,Professional Consistency Weakness,Problem,0.92,Capability
CONCERN_ADJ_56,Workplace Problem Prioritization Skills,Workplace Prioritization Weakness,Problem,0.92,Capability
CONCERN_CON_59,Building Entrepreneurial Confidence,Entrepreneurial Confidence Weakness,Problem,0.92,Capability
CONCERN_EMP_61,Building Consistent Professional Learning Habits,Professional Learning Inconsistency,Problem,0.92,Capability
CONCERN_EXA_63,Building Practical Team Collaboration in Projects,Team Collaboration Weakness,Problem,0.92,Capability
CONCERN_EXA_66,Professional Writing Skills,Workplace Writing Weakness,Problem,0.92,Capability
CONCERN_EMP_69,Building Consistent Coding Discipline,Coding Consistency Weakness,Problem,0.92,Capability
CONCERN_DIS_70,Adaptability to Rapidly Changing Industry Trends,Industry Change Adaptability Weakness,Problem,0.92,Capability
CONCERN_CAR_71,Building Emotional Independence from Peer Success,Peer Success Comparison Anxiety,Problem,0.92,Capability
CONCERN_EXA_75,Building Professional Confidence Without Validation,External Validation Dependency,Trait,0.92,Capability
CONCERN_CAR_77,Building Structured Career Preparation Plans,Career Preparation Structure Weakness,Problem,0.92,Capability
CONCERN_ACA_81,Building Confidence for Higher Studies Abroad,International Education Anxiety,Problem,0.92,Capability
CONCERN_EXA_86,Strategic Planning for Career Milestones,Career Milestone Planning Weakness,Problem,0.92,Capability
CONCERN_CAR_87,Building Confidence in Workplace Decision-Making,Workplace Decision Anxiety,Problem,0.92,Capability
CONCERN_MOT_92,Career Adaptability During Industry Changes,Career Adaptability Weakness,Problem,0.92,Capability
CONCERN_CAR_93,Building Emotional Stability in Professional Rejections,Professional Rejection Sensitivity,Trait,0.92,Capability
CONCERN_THI_95,Building Long-Term Financial Career Awareness,Financial Career Planning Weakness,Problem,0.92,Capability
CONCERN_CAR_97,Learning Discipline in Online Courses,Online Learning Discipline Weakness,Problem,0.92,Capability
CONCERN_EMP_99,Building Emotional Independence During Career Delays,Career Delay Emotional Instability,Problem,0.92,Capability
CONCERN_EXA_100,Holistic Readiness for Professional Life Transition,Professional Life Readiness Gap,Problem,0.92,Capability
CONCERN_CON_106,Conceptual Clarity Despite Repeated Practice,Conceptual Understanding Deficit,Problem,0.92,Capability
CONCERN_EXA_114,Self-Discipline Without External Monitoring,Independent Discipline Weakness,Problem,0.92,Capability
CONCERN_CON_125,Building Structured Daily Study Plans,Daily Planning Weakness,Problem,0.92,Capability
CONCERN_CON_143,Consistent Mock Test Discipline,Mock Test Inconsistency,Problem,0.92,Capability
CONCERN_EXA_145,Building Confidence in Current Affairs Retention,Current Affairs Recall Weakness,Problem,0.92,Capability
CONCERN_THI_149,Building Long-Term Emotional Endurance,Long-Term Emotional Fatigue,Outcome,0.92,Capability
CONCERN_CON_158,Adaptability to Changing Exam Patterns,Exam Pattern Adaptability Weakness,Problem,0.92,Capability
CONCERN_THI_159,Building Consistent Mental Energy Throughout Preparation,Mental Energy Instability,Problem,0.92,Capability
CONCERN_EXA_170,Long-Term Planning for Competitive Preparation,Long-Term Preparation Weakness,Problem,0.92,Capability
CONCERN_ACA_175,Building Confidence in Personal Preparation Style,Preparation Style Insecurity,Problem,0.92,Capability
CONCERN_EXA_180,Sustain Competitive Discipline Without Motivation,Motivation-Dependent Discipline Weakness,Problem,0.92,Capability
CONCERN_EXA_185,Building Emotional Stability During Multiple Attempts,Multi-Attempt Emotional Fatigue,Outcome,0.92,Capability
CONCERN_CON_189,Building Confidence After Long Study Gaps,Restart Confidence Weakness,Problem,0.92,Capability
CONCERN_SOC_194,Personal Problem-Solving Ability,Independent Problem-Solving Anxiety,Problem,0.92,Capability
CONCERN_ACA_203,Understanding Personal Strengths for Career Choice,Strength Awareness Deficit,Problem,0.92,Capability
CONCERN_SEL_204,Awareness of Emerging Career Opportunities,Emerging Career Awareness Deficit,Problem,0.92,Capability
CONCERN_EXA_206,Long-Term Career Vision,Long-Term Career Ambiguity,Problem,0.92,Capability
CONCERN_CAR_208,Awareness of Career Requirements and Eligibility,Career Eligibility Knowledge Gap,Problem,0.92,Capability
CONCERN_CON_211,Understanding Future Industry Trends,Future Industry Awareness Weakness,Problem,0.92,Capability
CONCERN_THI_213,Building Career Motivation Without Clear Direction,Directionless Motivation Weakness,Problem,0.92,Capability
CONCERN_CON_216,Understanding of Real-World Career Expectations,Career Reality Awareness Deficit,Problem,0.92,Capability
CONCERN_EXA_218,Clarity Between Short-Term and Long-Term Goals,Goal Alignment Instability,Problem,0.92,Capability
CONCERN_EXA_221,Understanding the Difference Between Courses and Careers,Course-Career Misunderstanding,Problem,0.43,Capability
CONCERN_CAR_222,Awareness of Career Growth Pathways,Career Growth Awareness Deficit,Problem,0.92,Capability
CONCERN_THI_226,Assess Personal Career Readiness,Career Readiness Misjudgment,Problem,0.92,Capability
CONCERN_SEL_227,Building Confidence in Emerging Technology Careers,Technology Career Anxiety,Problem,0.92,Capability
CONCERN_CAR_228,Career Curiosity Beyond Academic Scores,Career Curiosity Deficit,Problem,0.92,Capability
CONCERN_MOT_229,Understanding Skill Requirements for Careers,Career Skill Awareness Gap,Problem,0.92,Capability
CONCERN_CON_236,Understanding of Career-Life Balance Expectations,Career Lifestyle Awareness Deficit,Problem,0.92,Capability
CONCERN_THI_239,Building Career Commitment After Selection,Career Commitment Instability,Problem,0.92,Capability
CONCERN_EXA_241,Understanding the Difference Between Passion and Hobby,Passion-Hobby Confusion,Problem,0.92,Capability
CONCERN_CON_243,Planning Career Steps After Graduation,Post-Graduation Planning Weakness,Problem,0.92,Capability
CONCERN_CAR_244,Understanding of Industry Expectations,Industry Expectation Awareness Deficit,Problem,0.92,Capability
CONCERN_COM_247,Understanding the Financial Reality of Career Choices,Career Financial Awareness Weakness,Problem,0.92,Capability
CONCERN_ADJ_250,Understanding of Career Competitiveness Levels,Career Competition Awareness Gap,Problem,0.92,Capability
CONCERN_CAR_251,Building Confidence After Career Decision Mistakes,Career Decision Recovery Weakness,Problem,0.92,Capability
CONCERN_EMO_252,Identify Transferable Skills,Transferable Skill Awareness Deficit,Problem,0.92,Capability
CONCERN_CON_258,Understanding of Career Progression Timelines,Career Timeline Awareness Deficit,Problem,0.92,Capability
CONCERN_CAR_259,Building Consistent Motivation Toward Career Goals,Career Motivation Instability,Problem,0.92,Capability
CONCERN_SKI_262,Consistency in Daily Skill Practice,Skill Practice Inconsistency,Problem,0.92,Capability
CONCERN_DIS_263,Translating Learning into Real Competence,Knowledge-to-Competency Gap,Problem,0.92,Capability
CONCERN_COM_264,Learning New Skills Quickly,Skill Acquisition Anxiety,Problem,0.92,Capability
CONCERN_MOT_266,Prioritize Important Skills,Skill Prioritization Weakness,Problem,0.92,Capability
CONCERN_STR_267,Applying Skills in Real-World Scenarios,Real-World Skill Application Weakness,Problem,0.92,Capability
CONCERN_COM_268,Retention of Newly Learned Skills,Skill Retention Instability,Problem,0.92,Capability
CONCERN_ACA_269,Building Structured Learning Plans,Learning Structure Weakness,Problem,0.92,Capability
CONCERN_CON_271,Learning Skills Independently Without Guidance,Independent Learning Weakness,Problem,0.92,Capability
CONCERN_MOT_272,Transfer Skills Across Domains,Skill Transferability Weakness,Problem,0.92,Capability
CONCERN_COM_273,Frustration During Skill Mastery,Skill Learning Frustration Intolerance,Problem,0.92,Capability
CONCERN_EMO_274,Awareness of Industry-Relevant Competencies,Industry Competency Awareness Deficit,Problem,0.92,Capability
CONCERN_CAR_275,Skill Progress Effectively,Skill Progress Awareness Weakness,Problem,0.92,Capability
CONCERN_SEL_276,Problem-Solving Ability During Skill Application,Applied Problem-Solving Weakness,Problem,0.92,Capability
CONCERN_ACA_278,Publicly Demonstrating Skills,Skill Demonstration Anxiety,Problem,0.92,Capability
CONCERN_ACA_280,Long-Term Commitment to Competency Mastery,Competency Commitment Instability,Problem,0.92,Capability
CONCERN_MOT_281,Building Portfolio-Based Evidence of Skills,Portfolio Development Weakness,Problem,0.92,Capability
CONCERN_ACA_284,Connect Skills with Career Goals,Skill-Career Disconnect,Problem,0.92,Capability
CONCERN_CAR_285,Building Learning Discipline Without External Pressure,Self-Driven Discipline Weakness,Problem,0.92,Capability
CONCERN_THI_287,Tracking Long-Term Skill Improvement,Long-Term Growth Tracking Weakness,Problem,0.92,Capability
CONCERN_SEL_288,Understanding of Foundational Concepts Before Advanced Learning,Foundational Concept Weakness,Problem,0.92,Capability
CONCERN_ACA_289,Building Learning Confidence After Repeated Failures,Skill Failure Confidence Collapse,Outcome,0.92,Capability
CONCERN_COM_293,Perfectionism During Skill Building,Perfectionism-Driven Learning Delay,Problem,0.43,Capability
CONCERN_EMO_294,Awareness of Personal Learning Style Effectiveness,Learning Style Awareness Deficit,Problem,0.92,Capability
CONCERN_COM_296,Build Cross-Functional Competencies,Cross-Functional Skill Weakness,Problem,0.92,Capability
CONCERN_SEL_299,Building Confidence in Competitive Skill Environments,Competitive Skill Anxiety,Problem,0.92,Capability
CONCERN_CON_300,Long-Term Ownership of Personal Development,Personal Growth Ownership Deficit,Problem,0.92,Capability
CONCERN_MOT_301,Building Consistency in Advanced Skill Practice,Advanced Practice Inconsistency,Problem,0.92,Capability
CONCERN_DIS_302,Explaining Learned Skills to Others,Skill Explanation Anxiety,Problem,0.92,Capability
CONCERN_LIF_305,Learning Skills in Unstructured Environments,Unstructured Learning Instability,Problem,0.92,Capability
CONCERN_EMO_309,Multiple Skill Tracks Simultaneously,Multi-Skill Management Weakness,Problem,0.92,Capability
CONCERN_STR_310,Sustain Long-Term Learning Discipline,Sustainable Learning Discipline Weakness,Problem,0.92,Capability
CONCERN_DIS_311,Understanding Competency Benchmarks,Competency Benchmark Awareness Deficit,Problem,0.92,Capability
CONCERN_SEL_313,Building Learning Confidence After Comparison with Experts,Expert Comparison Anxiety,Problem,0.92,Capability
CONCERN_CON_314,Understanding of Competency Depth vs Surface Knowledge,Surface Learning Misjudgment,Problem,0.92,Capability
CONCERN_ACA_315,Applying Time Management to Skill Acceleration,Skill Time Allocation Weakness,Problem,0.92,Capability
CONCERN_THI_317,Building Long-Term Competency Roadmaps,Competency Roadmap Weakness,Problem,0.92,Capability
CONCERN_STR_318,Adaptability to New Learning Technologies,Technology Learning Resistance,Behavior,0.92,Capability
CONCERN_LIF_320,"Holistic Integration of Skills, Confidence, and Execution",Holistic Competency Instability,Problem,0.92,Capability
CONCERN_HOL_321,Building Confidence in Independent Skill Experimentation,Independent Experimentation Anxiety,Problem,0.92,Capability
CONCERN_LIF_323,Building Competency Through Collaborative Learning,Collaborative Learning Weakness,Problem,0.92,Capability
CONCERN_COL_324,Real-Time Skill Assessments,Real-Time Assessment Anxiety,Problem,0.92,Capability
CONCERN_COM_327,Self-Doubt During Slow Competency Growth,Slow Growth Confidence Anxiety,Problem,0.92,Capability
CONCERN_CON_328,Understanding of Learning Transfer into Workplace Impact,Skill-to-Workplace Disconnect,Problem,0.92,Capability
CONCERN_EMP_329,Building Structured Revision Systems for Skills,Skill Revision Weakness,Problem,0.92,Capability
CONCERN_SEL_333,Building Confidence in Advanced Skill Interviews,Advanced Interview Anxiety,Problem,0.92,Capability
CONCERN_COM_334,Integrate Feedback into Skill Improvement,Feedback Integration Weakness,Problem,0.92,Capability
CONCERN_CON_336,Awareness of Competency Progression Stages,Competency Progression Awareness Deficit,Problem,0.8,Capability
CONCERN_ACA_340,Build Competency Through Reflection and Iteration,Iterative Learning Weakness,Problem,0.92,Capability
CONCERN_SEL_341,Prioritizing Long-Term Mastery Over Short-Term Validation,Validation-Driven Learning,Problem,0.43,Capability
CONCERN_THI_343,Building Learning Systems That Scale with Growth,Scalable Learning System Weakness,Problem,0.92,Capability
CONCERN_STR_344,Emotional Recovery After Public Skill Failures,Public Failure Recovery Weakness,Problem,0.92,Capability
CONCERN_EMO_345,Healthy Lifestyle During Skill Acceleration,Skill Acceleration Lifestyle Imbalance,Problem,0.92,Capability
CONCERN_LIF_346,Awareness of Meta-Learning Strategies,Meta-Learning Awareness Deficit,Problem,0.92,Capability
CONCERN_ACA_347,Building Confidence Across Multiple Competency Areas,Cross-Competency Confidence Imbalance,Problem,0.92,Capability
CONCERN_CON_348,Sustain Curiosity During Repetitive Practice,Repetitive Practice Engagement Decline,Outcome,0.92,Capability
CONCERN_ADA_351,Building Competency Confidence Without Comparisons,Comparison-Based Competency Anxiety,Problem,0.92,Capability
CONCERN_CON_352,Long-Term Vision for Competency Development,Long-Term Competency Vision Weakness,Problem,0.92,Capability
CONCERN_ACA_354,Build Practical Competence Independently,Independent Competency Weakness,Problem,0.92,Capability
CONCERN_COM_355,Emotional Stability During Skill Plateaus,Skill Plateau Anxiety,Problem,0.92,Capability
CONCERN_EMO_356,Build Identity Around Continuous Learning,Continuous Learning Identity Weakness,Problem,0.92,Capability
CONCERN_ACA_357,Translating Skill Growth into Career Opportunities,Skill-to-Opportunity Disconnect,Problem,0.92,Capability
CONCERN_CAR_358,Emotional Independence During Skill Evaluation,Skill Evaluation Dependency,Trait,0.92,Capability
CONCERN_CON_359,Sustaining Self-Driven Competency Improvement,Self-Driven Improvement Weakness,Problem,0.92,Capability
CONCERN_COM_363,Translating Academic Learning into Workplace Skills,Academic-Industry Gap,Problem,0.92,Capability
CONCERN_COM_367,Understanding Workplace Expectations,Workplace Expectation Awareness Deficit,Problem,0.92,Capability
CONCERN_DIS_369,Building Professional Communication Skills,Professional Communication Deficit,Problem,0.92,Capability
CONCERN_LIF_372,Awareness of Industry-Relevant Competencies,Employability Skill Awareness Deficit,Problem,0.92,Capability
CONCERN_COM_377,Building Practical Problem-Solving Skills,Practical Problem-Solving Weakness,Problem,0.92,Capability
CONCERN_EMO_379,Building Long-Term Career Direction Early,Early Career Direction Ambiguity,Problem,0.92,Capability
CONCERN_CAR_380,Workplace Collaboration,Workplace Collaboration Anxiety,Problem,0.92,Capability
CONCERN_EMO_384,Understanding of Corporate Communication Etiquette,Corporate Etiquette Deficit,Problem,0.92,Capability
CONCERN_COM_385,Building Internship-to-Placement Conversion Confidence,PPO Conversion Anxiety,Problem,0.92,Capability
CONCERN_CAR_386,Present Skills During Interviews,Skill Presentation Weakness,Problem,0.92,Capability
CONCERN_THI_389,Understanding Career Growth Pathways,Career Progression Awareness Deficit,Problem,0.92,Capability
CONCERN_EMP_395,Building Confidence in Professional Writing,Professional Writing Anxiety,Problem,0.92,Capability
CONCERN_EMO_397,Understanding Employer Expectations Beyond Academics,Employer Expectation Awareness Gap,Problem,0.92,Capability
CONCERN_MOT_408,Understanding of Workplace Accountability Standards,Accountability Readiness Deficit,Problem,0.92,Capability
CONCERN_EMP_409,Building Confidence in Virtual Interviews,Virtual Interview Anxiety,Problem,0.92,Capability
CONCERN_CON_412,Awareness of Workplace Ethics and Boundaries,Professional Ethics Awareness Deficit,Problem,0.92,Capability
CONCERN_EMP_413,Building Long-Term Confidence After Low Salary Offers,Low Salary Self-Worth Anxiety,Problem,0.92,Capability
CONCERN_COM_415,Understanding Corporate Hierarchies and Dynamics,Corporate Hierarchy Awareness Gap,Problem,0.92,Capability
CONCERN_LIF_418,Build Meaningful Professional Relationships,Professional Relationship Weakness,Problem,0.92,Capability
CONCERN_EMO_424,Cross-Functional Collaboration,Cross-Team Collaboration Anxiety,Problem,0.92,Capability
CONCERN_LIF_426,Build Professional Credibility Early,Early Credibility Weakness,Problem,0.92,Capability
CONCERN_ADJ_428,Understanding of Workplace Productivity Standards,Workplace Productivity Awareness Deficit,Problem,0.92,Capability
CONCERN_EMP_429,Building Confidence in Client Interactions,Client Interaction Anxiety,Problem,0.92,Capability
CONCERN_COM_433,Building Confidence During Professional Presentations,Professional Presentation Anxiety,Problem,0.92,Capability
CONCERN_EMO_436,Awareness of Professional Growth Opportunities,Growth Opportunity Awareness Deficit,Problem,0.92,Capability
CONCERN_CON_439,Understanding Professional Boundaries,Professional Boundary Awareness Deficit,Problem,0.92,Capability
CONCERN_ADJ_442,Build Long-Term Career Stability Early,Career Stability Weakness,Problem,0.92,Capability
CONCERN_CAR_445,Work Discipline in Remote/Hybrid Roles,Remote Work Discipline Weakness,Problem,0.92,Capability
CONCERN_CON_448,Awareness of Long-Term Financial Planning After Employment,Financial Planning Awareness Deficit,Problem,0.8,Capability
CONCERN_ACA_451,Building Professional Confidence Without Constant Validation,Validation Dependency at Work,Trait,0.7,Capability
CONCERN_LIF_453,Building Career Confidence After Layoffs or Offer Revocations,Offer Revocation Recovery Weakness,Problem,0.92,Capability
CONCERN_COM_456,Emotional Resilience During Early Career Failures,Early Career Failure Sensitivity,Trait,0.92,Capability
CONCERN_EMO_457,Building a Stable Professional Identity,Professional Identity Instability,Problem,0.92,Capability
CONCERN_EMO_460,Holistic Readiness for Sustainable Professional Growth,Early Career Readiness Instability,Problem,0.92,Capability
CONCERN_EMO_467,Identifying Market-Relevant Skills,Market Relevance Awareness Deficit,Problem,0.92,Capability
CONCERN_EMP_478,Awareness of ATS and Hiring Filters,ATS Awareness Deficit,Problem,0.92,Capability
CONCERN_COM_481,Building Confidence After Layoffs,Layoff-Induced Confidence Collapse,Outcome,0.92,Capability
CONCERN_EMO_482,Position Transferable Skills,Transferable Skill Positioning Weakness,Problem,0.92,Capability
CONCERN_COM_485,Understanding Current Hiring Market Trends,Hiring Trend Awareness Deficit,Problem,0.92,Capability
CONCERN_EMO_487,Building a Consistent Job Search Routine,Job Search Discipline Weakness,Problem,0.92,Capability
CONCERN_ACA_490,Leadership Interviews,Leadership Interview Anxiety,Problem,0.92,Capability
CONCERN_CON_492,Build a Strong LinkedIn Presence,LinkedIn Positioning Weakness,Problem,0.92,Capability
CONCERN_CAR_497,Understanding Employer Expectations Beyond Technical Skills,Employer Expectation Awareness Gap,Problem,0.92,Capability
CONCERN_EMO_507,Building Confidence for Senior Role Applications,Senior Role Confidence Deficit,Problem,0.92,Capability
CONCERN_CON_510,Understanding of Industry Salary Benchmarks,Salary Benchmark Awareness Deficit,Problem,0.92,Capability
CONCERN_EMO_512,Showcase Leadership Potential,Leadership Visibility Weakness,Problem,0.92,Capability
CONCERN_EMO_514,Build Recruiter Relationships,Recruiter Relationship Weakness,Problem,0.92,Capability
CONCERN_CON_516,Awareness of Emerging Career Opportunities,Emerging Career Awareness Deficit,Problem,0.92,Capability
CONCERN_CAR_517,Building a Strategic Long-Term Career Narrative,Career Narrative Instability,Problem,0.92,Capability
CONCERN_CON_520,Holistic Readiness for Sustainable Career Transition,Career Transition Readiness Instability,Problem,0.92,Capability
CONCERN_EMP_526,Showcase Adaptability During Interviews,Adaptability Communication Weakness,Problem,0.92,Capability
CONCERN_LIF_530,Build a Distinctive Personal Brand,Personal Branding Weakness,Problem,0.92,Capability
CONCERN_EMO_532,Awareness of Role-Industry Fitment,Role-Industry Misalignment,Problem,0.92,Capability
CONCERN_CAR_535,Building Trust in Personal Competence After Failures,Competence Trust Deficit,Problem,0.92,Capability
CONCERN_EMO_542,Awareness of Hidden Job Market Opportunities,Hidden Market Awareness Deficit,Problem,0.92,Capability
CONCERN_CON_544,Build Interview Readiness Consistently,Interview Discipline Weakness,Problem,0.92,Capability
CONCERN_SOC_546,Align Skills with Business Impact Narratives,Business Impact Communication Weakness,Problem,0.92,Capability
CONCERN_EMO_550,Build Credibility in New Domains Quickly,New Domain Credibility Weakness,Problem,0.92,Capability
CONCERN_EMO_552,Awareness of Executive Presence Expectations,Executive Presence Awareness Deficit,Problem,0.92,Capability
CONCERN_CAR_554,Maintain Self-Discipline During Unemployment,Unemployment Discipline Weakness,Problem,0.92,Capability
CONCERN_DIS_555,Building Confidence After Public Professional Failure,Public Career Failure Anxiety,Problem,0.92,Capability
CONCERN_EMO_560,Holistic Readiness for Sustainable Employability and Transition,Sustainable Employability Instability,Problem,0.92,Capability
CONCERN_STR_565,Building Visibility for Contributions,Contribution Visibility Deficit,Problem,0.92,Capability
CONCERN_CAR_566,Leadership Interactions,Leadership Interaction Anxiety,Problem,0.92,Capability
CONCERN_THI_571,Team Collaboration Conflicts,Collaboration Conflict Stress,Problem,0.92,Capability
CONCERN_COL_572,Build Executive Presence,Executive Presence Deficit,Problem,0.92,Capability
CONCERN_WOR_582,Cross-Functional Collaboration,Cross-Functional Collaboration Anxiety,Problem,0.92,Capability
CONCERN_EMO_584,Build Trust with Teams Quickly,Team Trust Building Weakness,Problem,0.92,Capability
CONCERN_MOT_590,Public Speaking During Leadership Forums,Leadership Public Speaking Anxiety,Problem,0.92,Capability
CONCERN_CON_592,Build Long-Term Career Vision While Working,Long-Term Career Planning Weakness,Problem,0.92,Capability
CONCERN_ACA_603,Building Influence Across Senior Stakeholders,Stakeholder Influence Weakness,Problem,0.92,Capability
CONCERN_LIF_606,Build Strategic Visibility Internally,Internal Visibility Weakness,Problem,0.92,Capability
CONCERN_EMO_616,Build Career Sponsorship Relationships,Sponsorship Relationship Weakness,Problem,0.92,Capability
CONCERN_CON_618,Balance Technical Depth with Leadership Growth,Technical-Leadership Imbalance,Problem,0.92,Capability
CONCERN_THI_630,Build Organizational Influence Networks,Influence Network Weakness,Problem,0.92,Capability
CONCERN_CON_632,Mentor and Develop Junior Team Members,Mentorship Capability Weakness,Problem,0.92,Capability
CONCERN_EMO_638,Maintain Curiosity in Mature Career Stages,Mid-Career Curiosity Decline,Outcome,0.92,Capability
CONCERN_LIF_646,Build Long-Term Leadership Identity,Leadership Identity Instability,Problem,0.92,Capability
CONCERN_MOT_648,Build Career Portability Across Industries,Career Portability Weakness,Problem,0.92,Capability
CONCERN_ACA_652,Transitioning Into Strategic Leadership Roles,Strategic Leadership Anxiety,Problem,0.92,Capability
CONCERN_LIF_654,Build Psychological Safety Within Teams,Psychological Safety Weakness,Problem,0.92,Capability
CONCERN_LEA_655,Recovering from Leadership Failures Publicly,Leadership Failure Sensitivity,Trait,0.92,Capability
CONCERN_LIF_660,"Holistic Integration of Leadership, Performance, and Wellbeing",Leadership-Wellbeing Fragmentation,Behavior,0.92,Capability
CONCERN_WOR_665,Building Confidence in Professional Communication,Professional Communication Anxiety,Problem,0.92,Capability
CONCERN_COM_671,Building Professional Confidence After Mistakes,Workplace Mistake Anxiety,Problem,0.92,Capability
CONCERN_CON_674,Awareness of Corporate Etiquette and Boundaries,Workplace Etiquette Awareness Deficit,Problem,0.92,Capability
CONCERN_COM_677,Building Consistent Work Discipline,Workplace Discipline Instability,Problem,0.92,Capability
CONCERN_EMO_679,Understanding Long-Term Career Growth Pathways,Career Growth Ambiguity,Problem,0.92,Capability
CONCERN_CAR_680,Holistic Readiness for Workplace Performance and Growth,Early Career Readiness Instability,Problem,0.92,Capability
CONCERN_EMO_683,Building Workplace Relationships Quickly,Workplace Relationship Anxiety,Problem,0.92,Capability
CONCERN_WOR_690,Build Workplace Ownership Mindset,Workplace Ownership Deficit,Problem,0.92,Capability
CONCERN_EMO_696,Build Professional Credibility Early,Early Credibility Weakness,Problem,0.92,Capability
CONCERN_CON_698,Build Consistent Workplace Learning Habits,Workplace Learning Inconsistency,Problem,0.92,Capability
CONCERN_COM_699,Understanding Business Impact Beyond Assigned Tasks,Business Context Awareness Deficit,Problem,0.92,Capability
CONCERN_EMO_706,Build Structured Professional Learning Plans,Learning Structure Weakness,Problem,0.92,Capability
CONCERN_LIF_712,Build Professional Influence Early,Early Influence Weakness,Problem,0.92,Capability
CONCERN_COM_725,Understanding Unwritten Workplace Expectations,Unwritten Rule Confusion,Problem,0.92,Capability
CONCERN_WOR_726,Build Long-Term Professional Discipline,Professional Discipline Weakness,Problem,0.92,Capability
CONCERN_CON_728,Building Workplace Credibility with Seniors,Senior Credibility Anxiety,Problem,0.92,Capability
CONCERN_ACA_730,Build Strategic Workplace Relationships,Strategic Relationship Weakness,Problem,0.92,Capability
CONCERN_EMO_734,Cross-Team Collaboration,Cross-Team Interaction Anxiety,Problem,0.92,Capability
CONCERN_EMO_740,Long-Term Leadership Potential,Leadership Self-Belief Deficit,Problem,0.92,Capability
CONCERN_COM_742,Build Professional Influence Without Authority,Informal Influence Weakness,Problem,0.92,Capability
CONCERN_WOR_748,Build Long-Term Professional Identity,Professional Identity Instability,Problem,0.92,Capability
CONCERN_CON_750,Build Workplace Trust Through Reliability,Reliability Consistency Weakness,Problem,0.92,Capability
CONCERN_EMO_754,Build Career Portability Early,Early Employability Portability Weakness,Problem,0.92,Capability
CONCERN_LIF_757,Emotional Confidence During Leadership Exposure,Leadership Exposure Self-Doubt,Problem,0.92,Capability
CONCERN_EMO_760,"Holistic Integration of Adaptability, Confidence, and Professional Growth",Early Career Professional Instability,Problem,0.92,Capability
CONCERN_HOL_761,Transitioning from Execution to Leadership,Execution-to-Leadership Shift Anxiety,Problem,0.92,Capability
CONCERN_COL_768,Build Leadership Presence,Leadership Presence Deficit,Problem,0.92,Capability
CONCERN_WOR_772,Build Successor Readiness Within Teams,Successor Development Weakness,Problem,0.92,Capability
CONCERN_CON_776,Build Strategic Networks Internally,Strategic Networking Weakness,Problem,0.92,Capability
CONCERN_COL_780,Holistic Readiness for Leadership Transition and Growth,Mid-Career Leadership Instability,Problem,0.92,Capability
CONCERN_HOL_781,Emotional Resistance During Leadership Transitions,Leadership Identity Resistance,Behavior,0.92,Capability
CONCERN_LEA_782,Inspire Team Ownership,Team Ownership Weakness,Problem,0.92,Capability
CONCERN_COL_786,Build Strategic Succession Pipelines,Succession Planning Weakness,Problem,0.92,Capability
CONCERN_ACA_788,Managing Senior Leadership Visibility,Leadership Visibility Anxiety,Problem,0.92,Capability
CONCERN_EMO_790,Build Strategic Thinking Across Teams,Strategic Culture Building Weakness,Problem,0.92,Capability
CONCERN_STR_791,Balancing Leadership Expectations with Personal Wellbeing,Leadership-Life Imbalance,Problem,0.92,Capability
CONCERN_EMP_794,Transitioning into Enterprise-Level Leadership,Enterprise Leadership Anxiety,Problem,0.92,Capability
CONCERN_LEA_795,Emotional Detachment During Tough Leadership Calls,Difficult Decision Emotional Overload,Problem,0.92,Capability
CONCERN_EMO_796,Build Cross-Functional Alignment at Scale,Cross-Functional Alignment Weakness,Problem,0.92,Capability
CONCERN_CON_798,Develop Emerging Leaders Consistently,Emerging Leader Development Weakness,Problem,0.92,Capability
CONCERN_STR_800,"Holistic Alignment Between Leadership, Identity, and Long-Term Growth",Mid-Career Leadership Imbalance,Problem,0.92,Capability
CONCERN_LEA_802,Build Strategic Influence Beyond Functional Expertise,Strategic Influence Deficit,Problem,0.92,Capability
CONCERN_STR_803,Emotional Isolation in Leadership Roles,Leadership Isolation Anxiety,Problem,0.92,Capability
CONCERN_COL_806,Shift from Tactical Success to Strategic Legacy Building,Legacy Leadership Weakness,Problem,0.92,Capability
CONCERN_LEA_810,Build Long-Term Organizational Trust,Organizational Trust Weakness,Problem,0.92,Capability
CONCERN_STR_813,Emotional Reactions to Leadership Criticism,Leadership Criticism Sensitivity,Trait,0.92,Capability
CONCERN_EMO_814,Align Teams Around Long-Term Vision,Vision Communication Weakness,Problem,0.92,Capability
CONCERN_LEA_815,Sustaining Curiosity and Innovation Mid-Career,Mid-Career Innovation Fatigue,Outcome,0.92,Capability
CONCERN_EMO_820,"Holistic Integration Between Leadership, Wellbeing, and Organizational Impact",Leadership-Wellbeing Fragmentation,Behavior,0.92,Capability
CONCERN_STR_826,Build Psychological Safety Across Diverse Teams,Psychological Safety Weakness,Problem,0.92,Capability
CONCERN_COL_829,Balancing Leadership Visibility with Personal Privacy,Leadership Visibility Overload,Problem,0.92,Capability
CONCERN_LIF_830,Build Strategic Alignment During Rapid Growth,Strategic Alignment Weakness,Problem,0.92,Capability
CONCERN_EMO_832,Becoming a Vision-Led Leader,Visionary Leadership Self-Doubt,Problem,0.92,Capability
CONCERN_STR_834,Build Leadership Influence Without Positional Authority,Non-Hierarchical Influence Weakness,Problem,0.92,Capability
CONCERN_LEA_835,Emotional Stability During Public Leadership Failures,Public Leadership Failure Anxiety,Problem,0.92,Capability
CONCERN_MOT_837,Family Expectations During Leadership Growth,Leadership-Family Conflict,Problem,0.92,Capability
CONCERN_COM_839,Long-Term Leadership Motivation,Leadership Motivation Decline,Outcome,0.92,Capability
CONCERN_MOT_840,Build Leadership Legacy Beyond Immediate Results,Legacy Building Weakness,Problem,0.92,Capability
CONCERN_ACA_844,Transitioning to C-Suite Readiness,C-Suite Readiness Anxiety,Problem,0.92,Capability
CONCERN_COL_846,Build Enterprise-Wide Collaboration Cultures,Enterprise Collaboration Weakness,Problem,0.92,Capability
CONCERN_CON_848,Adapt Leadership Style Across Diverse Teams,Leadership Flexibility Weakness,Problem,0.92,Capability
CONCERN_EMO_850,Driving Long-Term Organizational Vision,Long-Term Vision Anxiety,Problem,0.92,Capability
CONCERN_LIF_852,Build Organizational Resilience Beyond Individual Leadership,Organizational Resilience Weakness,Problem,0.92,Capability
CONCERN_STR_854,Reinventing Leadership Identity Mid-Career,Leadership Reinvention Anxiety,Problem,0.92,Capability
CONCERN_ACA_855,Leadership Loneliness During High Responsibility Phases,Leadership Loneliness Stress,Problem,0.92,Capability
CONCERN_CAR_858,Integrate Emotional Intelligence into Strategic Leadership,Emotional Intelligence Integration Weakness,Problem,0.92,Capability
CONCERN_LEA_859,Sustaining Leadership Confidence During Organizational Instability,Organizational Instability Self-Doubt,Problem,0.92,Capability
CONCERN_CON_860,"Holistic Integration of Leadership, Purpose, and Enterprise Growth",Enterprise Leadership Fragmentation,Behavior,0.92,Capability
CONCERN_STR_862,Build Executive Presence Consistently,Executive Presence Deficit,Problem,0.92,Capability
CONCERN_LEA_865,Balancing Strategic Vision with Operational Execution,Strategy-Execution Imbalance,Problem,0.92,Capability
CONCERN_EMO_868,Build High-Performance Leadership Teams,Leadership Team Building Weakness,Problem,0.92,Capability
CONCERN_COM_871,Political Dynamics at Leadership Levels,Leadership Political Anxiety,Problem,0.92,Capability
CONCERN_WOR_872,Build Organizational Alignment Around Vision,Vision Alignment Weakness,Problem,0.92,Capability
CONCERN_STR_873,Emotional Isolation in Leadership Roles,Leadership Isolation Anxiety,Problem,0.92,Capability
CONCERN_LEA_875,Leadership Identity During Rapid Growth,Leadership Identity Instability,Problem,0.92,Capability
CONCERN_ACA_876,Develop Strategic Talent Pipelines,Strategic Talent Development Weakness,Problem,0.92,Capability
CONCERN_LEA_877,Balancing Leadership Ambition with Personal Wellbeing,Leadership-Wellbeing Conflict,Problem,0.92,Capability
CONCERN_LIF_878,Build Trust Across Diverse Leadership Teams,Leadership Trust Weakness,Problem,0.92,Capability
CONCERN_EMO_880,Holistic Readiness for Enterprise Leadership and Strategic Growth,Enterprise Leadership Fragmentation,Behavior,0.92,Capability
CONCERN_STR_882,Build Scalable Organizational Culture,Culture Building Weakness,Problem,0.92,Capability
CONCERN_STR_884,Representing Organizational Vision Publicly,Public Leadership Anxiety,Problem,0.92,Capability
CONCERN_EMO_886,Build Leadership Alignment Across Geographies,Geographic Alignment Weakness,Problem,0.92,Capability
CONCERN_CON_888,Build Long-Term Organizational Capability,Capability Building Weakness,Problem,0.92,Capability
CONCERN_LEA_889,Emotional Fallout from Leadership Conflicts,Leadership Conflict Stress,Problem,0.92,Capability
CONCERN_LEA_892,Build Organizational Agility During Change,Organizational Agility Weakness,Problem,0.92,Capability
CONCERN_STR_893,Leadership Clarity During Ambiguous Situations,Ambiguity Decision Stress,Problem,0.92,Capability
CONCERN_THI_894,Build Trust During Organizational Restructuring,Restructuring Trust Weakness,Problem,0.92,Capability
CONCERN_STR_898,Build Leadership Continuity During Succession Planning,Succession Stability Weakness,Problem,0.92,Capability
CONCERN_WOR_900,"Holistic Alignment Between Strategic Leadership, Influence, and Wellbeing",Strategic Leadership Fragmentation,Behavior,0.92,Capability
CONCERN_STR_902,Build Enterprise-Wide Decision Alignment,Decision Alignment Weakness,Problem,0.92,Capability
CONCERN_STR_906,Develop Strategic Leadership Bench Strength,Leadership Bench Weakness,Problem,0.92,Capability
CONCERN_LEA_910,Build Enterprise Collaboration Ecosystems,Enterprise Collaboration Weakness,Problem,0.92,Capability
CONCERN_LEA_912,Build Strategic Adaptability Across Leadership Teams,Strategic Adaptability Weakness,Problem,0.92,Capability
CONCERN_STR_915,Balancing Leadership Assertiveness with Empathy,Assertiveness-Empathy Imbalance,Problem,0.92,Capability
CONCERN_LEA_916,Sustain Strategic Curiosity at Senior Levels,Strategic Curiosity Decline,Outcome,0.92,Capability
CONCERN_MOT_917,Leadership Credibility During Failed Initiatives,Leadership Credibility Anxiety,Problem,0.92,Capability
CONCERN_CON_918,Build Long-Term Strategic Culture,Strategic Culture Weakness,Problem,0.92,Capability
CONCERN_EMO_920,"Holistic Alignment Between Enterprise Leadership, Strategic Growth, and Personal Stability",Enterprise Leadership Imbalance,Problem,0.92,Capability
CONCERN_HOL_921,Enterprise Leadership Confidence During Market Volatility,Market Volatility Leadership Anxiety,Problem,0.92,Capability
CONCERN_STR_922,Build Cross-Business Strategic Alignment,Cross-Business Alignment Weakness,Problem,0.92,Capability
CONCERN_STR_926,Build Strategic Consensus Across Leadership Groups,Strategic Consensus Weakness,Problem,0.92,Capability
CONCERN_STR_930,Build Leadership Agility During Rapid Market Changes,Leadership Agility Weakness,Problem,0.92,Capability
CONCERN_LEA_931,Leadership Composure During High-Stakes Escalations,Escalation Composure Anxiety,Problem,0.92,Capability
CONCERN_EMO_932,Integrate Long-Term Vision into Daily Leadership Decisions,Vision-Execution Disconnect,Problem,0.92,Capability
CONCERN_LIF_936,Build Enterprise Decision-Making Frameworks,Decision Framework Weakness,Problem,0.92,Capability
CONCERN_STR_938,Building Leadership Legacy Across the Organization,Leadership Legacy Anxiety,Problem,0.92,Capability
CONCERN_LEA_940,Build Strategic Partnerships Internally and Externally,Partnership Development Weakness,Problem,0.92,Capability
CONCERN_EMO_946,Build Adaptive Leadership Cultures,Adaptive Culture Weakness,Problem,0.92,Capability
CONCERN_LEA_947,Long-Term Emotional Sustainability in Leadership Roles,Long-Term Leadership Burnout,Outcome,0.92,Capability
CONCERN_EMO_948,Transitioning from Operational Leadership to Visionary Leadership,Visionary Leadership Anxiety,Problem,0.92,Capability
CONCERN_COL_950,Integrate Emotional Intelligence into Enterprise Strategy,Emotional Intelligence Strategy Gap,Problem,0.92,Capability
CONCERN_STR_951,Internal Leadership Competition Constructively,Leadership Competition Stress,Problem,0.92,Capability
CONCERN_ACA_953,Balancing Enterprise Expansion with Leadership Stability,Expansion-Stability Conflict,Problem,0.92,Capability
CONCERN_STR_954,Build Multi-Layer Leadership Accountability,Distributed Accountability Weakness,Problem,0.92,Capability
CONCERN_SOC_956,Building Enterprise-Wide Leadership Credibility,Enterprise Credibility Weakness,Problem,0.92,Capability
CONCERN_STR_958,Build Future-Ready Leadership Ecosystems,Future Leadership Ecosystem Weakness,Problem,0.92,Capability
CONCERN_LEA_959,Sustaining Leadership Confidence During Organizational Disruption,Organizational Disruption Self-Doubt,Problem,0.92,Capability
CONCERN_CON_960,"Holistic Integration of Strategy, Leadership, Organizational Influence, and Wellbeing",Enterprise Leadership Fragmentation,Behavior,0.92,Capability
CONCERN_WOR_962,Transferable Skill Relevance,Transferable Skills Self-Doubt,Problem,0.92,Capability
CONCERN_COM_968,Build Credibility in a New Domain,New Domain Credibility Weakness,Problem,0.92,Capability
CONCERN_CON_972,Build Industry-Relevant Networks Quickly,Industry Networking Weakness,Problem,0.92,Capability
CONCERN_EMO_980,Holistic Readiness for Cross-Industry Career Reinvention,Career Transition Fragmentation,Behavior,0.92,Capability
CONCERN_LIF_986,Build Confidence in Unfamiliar Work Environments,Unfamiliar Environment Anxiety,Problem,0.92,Capability
CONCERN_STR_989,Persistence Through Long Career Pivots,Long Transition Fatigue,Outcome,0.92,Capability
CONCERN_CAR_994,Build Strategic Career Narratives for Interviews,Transition Storytelling Weakness,Problem,0.92,Capability
CONCERN_EMO_1002,Build Strategic Learning Roadmaps for Transition,Transition Learning Planning Weakness,Problem,0.92,Capability
CONCERN_COM_1003,Emotional Reactions to Skill Obsolescence,Skill Obsolescence Anxiety,Problem,0.92,Capability
CONCERN_EMO_1006,Build Confidence in New Functional Responsibilities,Functional Transition Anxiety,Problem,0.92,Capability
CONCERN_MOT_1008,Translate Previous Leadership Experience into New Contexts,Cross-Domain Leadership Translation Weakness,Problem,0.92,Capability
CONCERN_COM_1010,Build Long-Term Confidence in Career Reinvention Success,Reinvention Self-Belief Deficit,Problem,0.92,Capability
CONCERN_LIF_1012,Build Strategic Networks in Unfamiliar Ecosystems,Ecosystem Networking Weakness,Problem,0.92,Capability
CONCERN_CON_1016,Build Strategic Career Optionality,Career Optionality Weakness,Problem,0.92,Capability
CONCERN_CAR_1017,Confidence During Skill Assessment Processes,Skill Assessment Anxiety,Problem,0.92,Capability
CONCERN_COM_1018,Integrate Past Experience with Future Career Vision,Career Narrative Fragmentation,Behavior,0.92,Capability
CONCERN_EMO_1022,Build Confidence in Emerging Industry Trends,Emerging Industry Confidence Deficit,Problem,0.92,Capability
CONCERN_CON_1028,Build Strategic Industry Awareness Quickly,Industry Awareness Weakness,Problem,0.92,Capability
CONCERN_MOT_1030,Rebuilding Leadership Identity in New Domains,Leadership Identity Reset Anxiety,Problem,0.92,Capability
CONCERN_LIF_1032,Build Cross-Industry Communication Credibility,Cross-Industry Communication Weakness,Problem,0.92,Capability
CONCERN_ACA_1034,Evaluate Skill Relevance Across Industries,Cross-Industry Skill Mapping Weakness,Problem,0.92,Capability
CONCERN_CON_1036,Build Long-Term Strategic Reinvention Plans,Reinvention Planning Weakness,Problem,0.92,Capability
CONCERN_EMO_1042,Entering Leadership Tracks in New Industries,Cross-Industry Leadership Anxiety,Problem,0.92,Capability
CONCERN_LIF_1044,Build Strategic Career Narratives Across Diverse Domains,Multi-Domain Storytelling Weakness,Problem,0.92,Capability
CONCERN_SOC_1046,Understanding New Market Expectations,Market Expectation Anxiety,Problem,0.92,Capability
CONCERN_EMO_1048,Build Long-Term Confidence in Nonlinear Careers,Nonlinear Career Confidence Deficit,Problem,0.92,Capability
CONCERN_ACA_1050,Build Cross-Domain Problem-Solving Confidence,Cross-Domain Thinking Anxiety,Problem,0.92,Capability
CONCERN_EMO_1052,Building Long-Term Professional Relevance,Long-Term Relevance Anxiety,Problem,0.92,Capability
CONCERN_CON_1054,Sustain Reinvention Discipline Over Long Periods,Reinvention Discipline Weakness,Problem,0.92,Capability
CONCERN_EMO_1058,Build Adaptive Learning Systems During Reinvention,Adaptive Learning Weakness,Problem,0.92,Capability
CONCERN_LIF_1064,Build Strategic Career Direction,Strategic Career Ambiguity,Problem,0.92,Capability
CONCERN_WOR_1072,Build Leadership Presence Early,Leadership Presence Weakness,Problem,0.92,Capability
CONCERN_EMO_1074,Cross-Functional Collaboration,Cross-Functional Anxiety,Problem,0.92,Capability
CONCERN_CON_1076,Build Consistent Productivity Habits,Productivity Discipline Weakness,Problem,0.92,Capability
CONCERN_WOR_1082,Build Strategic Workplace Relationships,Relationship Building Weakness,Problem,0.92,Capability
CONCERN_ACA_1086,Build Strategic Visibility Within Organizations,Strategic Visibility Weakness,Problem,0.92,Capability
CONCERN_LIF_1090,Build Long-Term Learning Discipline,Learning Discipline Weakness,Problem,0.92,Capability
CONCERN_LIF_1094,Build Cross-Industry Adaptability,Adaptability Weakness,Problem,0.92,Capability
CONCERN_MOT_1098,Build Strategic Decision-Making Confidence,Decision-Making Anxiety,Problem,0.92,Capability
CONCERN_EMO_1102,Build Confidence in Strategic Workplace Conversations,Strategic Conversation Anxiety,Problem,0.92,Capability
CONCERN_EMO_1106,Build Long-Term Professional Confidence,Professional Confidence Instability,Problem,0.92,Capability
CONCERN_CAR_1110,Build Sustainable Workplace Habits,Workplace Discipline Weakness,Problem,0.92,Capability
CONCERN_COL_1114,Build Strategic Career Optionality,Career Optionality Weakness,Problem,0.92,Capability
CONCERN_WOR_1116,Handling Leadership Visibility,Leadership Visibility Self-Doubt,Problem,0.92,Capability
CONCERN_LEA_1117,Curiosity and Innovation in Routine Roles,Workplace Curiosity Decline,Outcome,0.92,Capability
CONCERN_MOT_1118,Build Emotional Boundaries in Professional Relationships,Emotional Boundary Weakness,Problem,0.92,Capability
CONCERN_EMO_1122,Taking Ownership of High-Impact Tasks,High-Impact Ownership Anxiety,Problem,0.92,Capability
CONCERN_WOR_1124,Build Long-Term Workplace Credibility,Workplace Credibility Weakness,Problem,0.92,Capability
CONCERN_COM_1128,Build Strategic Workplace Influence,Strategic Influence Weakness,Problem,0.92,Capability
CONCERN_EMO_1132,Build Consistent Strategic Thinking Habits,Strategic Thinking Weakness,Problem,0.92,Capability
CONCERN_ACA_1136,Build Long-Term Emotional Resilience,Emotional Resilience Weakness,Problem,0.92,Capability
CONCERN_COL_1138,Adapting to New Leadership Styles,Leadership Style Adaptation Anxiety,Problem,0.92,Capability
CONCERN_CON_1140,Build Strategic Career Differentiation,Career Differentiation Weakness,Problem,0.92,Capability
CONCERN_LIF_1144,Build Future-Oriented Professional Skills,Future Skills Weakness,Problem,0.92,Capability
CONCERN_CAR_1148,Build Strategic Influence Without Formal Authority,Informal Influence Weakness,Problem,0.92,Capability
CONCERN_THI_1150,Building Long-Term Workplace Stability,Workplace Stability Anxiety,Problem,0.92,Capability
CONCERN_WOR_1151,Emotional Reactions to Leadership Changes,Leadership Transition Stress,Problem,0.92,Capability
CONCERN_THI_1156,Build Adaptive Work Habits in Dynamic Environments,Adaptive Habit Weakness,Problem,0.92,Capability
CONCERN_ACA_1162,Visibility into Student Competency Distribution Across Grades,Competency Visibility Deficit,Problem,0.92,Capability
CONCERN_MOT_1165,Building School-Wide Competency Culture,Competency Culture Weakness,Problem,0.92,Capability
CONCERN_ORG_1166,Visibility into Leadership Readiness Among Students,Leadership Potential Detection Weakness,Problem,0.92,Capability
CONCERN_TEA_1170,Visibility into Student Curiosity and Inquiry Levels,Curiosity Detection Weakness,Problem,0.92,Capability
CONCERN_TAL_1172,Measure Future Readiness Institutionally,Future Skills Visibility Deficit,Problem,0.92,Capability
CONCERN_COM_1176,Build Holistic Student Profiles Institutionally,Holistic Visibility Deficit,Problem,0.92,Capability
CONCERN_LIF_1180,Holistic Visibility into School-Wide Competency Ecosystems,School-Wide Competency Fragmentation,Behavior,0.92,Capability
CONCERN_FAC_1183,Aligning Institutional Vision with Classroom Execution,Vision-Execution Disconnect,Problem,0.92,Capability
CONCERN_COM_1185,Institutional Discipline Patterns Holistically,Institutional Discipline Blindness,Problem,0.92,Capability
CONCERN_DIS_1186,Visibility into Student Adaptability and Change Readiness,Adaptability Visibility Deficit,Problem,0.92,Capability
CONCERN_MOT_1190,Visibility into Student Leadership Participation Equity,Leadership Equity Blindness,Problem,0.92,Capability
CONCERN_LEA_1191,Institutional Problem-Solving Capability,Problem-Solving Visibility Deficit,Problem,0.92,Capability
CONCERN_ACA_1194,Visibility into Future Career Readiness Across Students,Career Visibility Deficit,Problem,0.92,Capability
CONCERN_EMP_1195,Institutional Emotional Resilience Levels,Emotional Resilience Blindness,Problem,0.92,Capability
CONCERN_EMO_1196,Build Institution-Wide Critical Thinking Culture,Critical Thinking Culture Weakness,Problem,0.92,Capability
CONCERN_ACA_1198,Visibility into Teacher Competency Growth Needs,Teacher Development Visibility Weakness,Problem,0.92,Capability
CONCERN_CON_1200,"Holistic Integration Between Academics, Wellbeing, Leadership, and Future Readiness",Institutional Ecosystem Fragmentation,Behavior,0.92,Capability
CONCERN_COL_1203,Aligning Parent Expectations with Institutional Competency Goals,Parent-School Expectation Conflict,Problem,0.92,Capability
CONCERN_CON_1205,Institutional Creativity and Innovation Levels,Creativity Visibility Weakness,Problem,0.92,Capability
CONCERN_CON_1208,Measure Student Ownership and Accountability,Accountability Visibility Weakness,Problem,0.92,Capability
CONCERN_LEA_1209,Teacher Adaptability to New Pedagogies,Pedagogical Adaptation Blindness,Problem,0.92,Capability
CONCERN_EMO_1213,Identifying Institutional Skill Readiness Gaps,Institutional Skill Gap Blindness,Problem,0.92,Capability
CONCERN_EMP_1214,Visibility into Institutional Collaboration Culture,Collaboration Culture Weakness,Problem,0.92,Capability
CONCERN_EMO_1216,Build Institution-Wide Reflective Learning Culture,Reflection Culture Weakness,Problem,0.92,Capability
CONCERN_COM_1220,"Holistic Integration Between Learning Quality, Emotional Safety, Institutional Culture, and Future Readiness",Institutional Competency Ecosystem Fragmentation,Behavior,0.92,Capability
CONCERN_EMO_1222,Visibility into Student Independent Thinking Development,Independent Thinking Visibility Weakness,Problem,0.92,Capability
CONCERN_ACA_1224,Measure Institutional Adaptability Readiness,Organizational Adaptability Weakness,Problem,0.92,Capability
CONCERN_COM_1226,Visibility into Institutional Ethical and Value Development,Ethics Visibility Deficit,Problem,0.92,Capability
CONCERN_MOT_1227,Faculty Collaboration and Knowledge Sharing,Faculty Collaboration Blindness,Problem,0.92,Capability
CONCERN_LEA_1229,Institutional Innovation Readiness,Institutional Innovation Blindness,Problem,0.92,Capability
CONCERN_ACA_1232,Build Institutional Reflective Teaching Practices,Reflective Teaching Weakness,Problem,0.92,Capability
CONCERN_CON_1234,Visibility into Institutional Decision-Making Competency Growth,Decision Competency Visibility Weakness,Problem,0.92,Capability
CONCERN_EMO_1236,Build Institution-Wide Ownership Culture,Institutional Ownership Weakness,Problem,0.92,Capability
CONCERN_LEA_1237,Institutional Readiness for Future Careers,Future Career Readiness Blindness,Problem,0.92,Capability
CONCERN_EMP_1238,Visibility into Student Self-Learning Capability,Self-Learning Visibility Weakness,Problem,0.92,Capability
CONCERN_COM_1239,Institutional Psychological Safety for Expression,Psychological Expression Safety Blindness,Problem,0.92,Capability
CONCERN_COM_1240,"Holistic Visibility into Institutional Emotional, Academic, and Leadership Ecosystems",Institutional Ecosystem Blindness,Problem,0.92,Capability
CONCERN_SOC_1243,School-Wide Growth Mindset Development,Growth Mindset Blindness,Problem,0.92,Capability
CONCERN_COM_1245,Institutional Leadership Pipeline Readiness,Leadership Pipeline Blindness,Problem,0.92,Capability
CONCERN_FAC_1250,Visibility into Student Adaptability During Curriculum Changes,Curriculum Adaptation Blindness,Problem,0.92,Capability
CONCERN_THI_1252,Measure Student Ownership in Collaborative Learning,Collaborative Ownership Blindness,Problem,0.92,Capability
CONCERN_MOT_1256,Build Institution-Wide Self-Learning Culture,Self-Learning Culture Weakness,Problem,0.92,Capability
CONCERN_EMO_1258,Visibility into Institutional Future Leadership Competency Trends,Future Leadership Visibility Deficit,Problem,0.92,Capability
CONCERN_HOL_1260,"Holistic Integration of Institutional Intelligence Across Academics, Wellbeing, Leadership, Motivation, and Future Readiness",Institutional Intelligence Fragmentation,Behavior,0.92,Capability
CONCERN_LEA_1263,Conceptual Understanding Institutionally,Conceptual Clarity Visibility Weakness,Problem,0.92,Capability
CONCERN_STU_1265,Aligning Curriculum Delivery with Competency Outcomes,Curriculum-Competency Disconnect,Problem,0.92,Capability
CONCERN_COL_1273,Instructional Adaptability Across Teachers,Pedagogical Adaptability Blindness,Problem,0.92,Capability
CONCERN_ACA_1280,"Holistic Integration Between Curriculum Delivery, Learning Quality, Engagement, and Competency Outcomes",Academic Delivery Ecosystem Fragmentation,Behavior,0.92,Capability
CONCERN_SUB_1360,reading comprehension skills,Comprehension Gap,Problem,0.92,Capability
CONCERN_SOC_1299,Tracking Student Adaptability During Transitions,Adaptability Tracking Weakness,Problem,0.92,Capability
CONCERN_STA_1305,Student Goal Clarity and Direction,Goal Clarity Visibility Weakness,Problem,0.92,Capability
CONCERN_MOT_1308,Measure Student Ownership and Accountability Trends,Accountability Visibility Weakness,Problem,0.92,Capability
CONCERN_SOC_1314,Visibility into Student Self-Learning Capability,Self-Learning Blindness,Problem,0.92,Capability
CONCERN_EMO_1316,"Holistic Integration of Academic Progress, Emotional Wellbeing, Intervention Effectiveness, and Future Readiness",Student Success Intelligence Fragmentation,Behavior,0.92,Capability
CONCERN_HOL_1317,Real Employability Readiness Across Students,Employability Visibility Blindness,Problem,0.92,Capability
CONCERN_EMP_1318,Visibility into Student Career Direction Clarity,Career Clarity Blindness,Problem,0.92,Capability
CONCERN_CAR_1319,Detecting Communication Readiness for Interviews,Communication Readiness Blindness,Problem,0.92,Capability
CONCERN_CON_1322,Visibility into Student Aptitude and Problem-Solving Readiness,Aptitude Readiness Blindness,Problem,0.92,Capability
CONCERN_THI_1323,Aligning Student Skills with Market Demand Trends,Skill-Market Misalignment,Problem,0.92,Capability
CONCERN_PLA_1325,Student Adaptability for Dynamic Careers,Career Adaptability Blindness,Problem,0.92,Capability
CONCERN_ADA_1326,Visibility into Internship Readiness Across Students,Internship Readiness Blindness,Problem,0.92,Capability
CONCERN_CAR_1329,Leadership and Teamwork Readiness,Leadership Readiness Blindness,Problem,0.92,Capability
CONCERN_LEA_1330,Visibility into Student Professional Discipline and Reliability,Professional Discipline Blindness,Problem,0.92,Capability
CONCERN_EMP_1334,Visibility into Industry-Specific Skill Readiness,Industry-Specific Skill Blindness,Problem,0.92,Capability
CONCERN_TAL_1336,Measure Real Workplace Readiness Beyond Academics,Workplace Readiness Blindness,Problem,0.92,Capability
CONCERN_WOR_1337,Student Networking and Relationship-Building Readiness,Networking Readiness Blindness,Problem,0.92,Capability
CONCERN_EMO_1341,Student Readiness for Entrepreneurial Careers,Entrepreneurship Readiness Blindness,Problem,0.92,Capability
CONCERN_LAN_1361,academic goal clarity,Goal Ambiguity,Problem,0.92,Capability
CONCERN_ORG_1344,Measure Student Emotional Resilience During Career Uncertainty,Career Uncertainty Blindness,Problem,0.92,Capability
CONCERN_EMO_1345,Long-Term Career Sustainability Readiness,Long-Term Career Blindness,Problem,0.92,Capability
CONCERN_CAR_1346,"Holistic Integration of Employability, Emotional Stability, Career Direction, and Workplace Readiness",Career Readiness Ecosystem Fragmentation,Behavior,0.92,Capability
CONCERN_ACA_1351,conceptual clarity in STEM subjects,Conceptual Weakness,Problem,0.92,Capability
CONCERN_STU_1369,problem-solving ability,Applied Learning Gap,Problem,0.92,Capability
CONCERN_STU_1374,curiosity-driven learning,Curiosity Deficit,Problem,0.92,Capability
CONCERN_ACA_1377,career clarity after Class 10/12,Career Ambiguity,Problem,0.92,Capability
CONCERN_CAR_1379,understanding of emerging careers,Career Exposure Gap,Problem,0.92,Capability
CONCERN_CAR_1383,awareness about skill requirements,Employability Gap,Problem,0.92,Capability
CONCERN_HIG_1388,career planning timeline management,Planning Failure,Outcome,0.92,Capability
CONCERN_WOR_1391,clarity about career progression ladders,Progression Blindness,Problem,0.92,Capability
CONCERN_CAR_1397,resilience after career setbacks,Setback Recovery Risk,Risk,0.92,Capability
CONCERN_CAR_1403,understanding of entrepreneurship pathways,Entrepreneurship Blind Spot,Problem,0.92,Capability
CONCERN_ENT_1404,career adaptability during market shifts,Career Rigidity,Trait,0.92,Capability
CONCERN_TRA_1407,self-discipline in daily routines,Discipline Breakdown,Outcome,0.92,Capability
CONCERN_PER_1411,resilience after setbacks,Resilience Deficit,Problem,0.92,Capability
CONCERN_MAT_1423,long-term personal vision,Directionless Growth,Problem,0.4,Capability
CONCERN_PER_1426,ethical judgment and integrity awareness,Integrity Risk,Risk,0.92,Capability
CONCERN_EMO_1428,curiosity and self-driven learning,Curiosity Deficit,Problem,0.92,Capability
CONCERN_INT_1429,leadership and team collaboration,Leadership Readiness Gap,Problem,0.8,Capability
CONCERN_EMO_1433,digital behaviour and online discipline,Digital Behaviour Risk,Risk,0.92,Capability
CONCERN_DEC_1436,ownership for personal growth,Ownership Deficit,Problem,0.92,Capability
CONCERN_LEA_1438,study discipline,Discipline Deficit,Problem,0.92,Capability
CONCERN_REC_1447,ownership toward learning,Accountability Gap,Problem,0.92,Capability
CONCERN_FEE_1450,collaboration in group activities,Collaboration Deficit,Problem,0.92,Capability
CONCERN_LIF_1454,curiosity-driven engagement,Curiosity Suppression,Behavior,0.92,Capability
CONCERN_IND_1458,resilience under competitive environments,Competitive Fatigue,Outcome,0.92,Capability
CONCERN_LEA_1478,adapting leadership style across situations,Leadership Rigidity,Trait,0.92,Capability
CONCERN_PRO_1485,vision and long-term thinking,Strategic Blindness,Problem,0.92,Capability
CONCERN_LEA_1487,adaptability in multicultural or diverse teams,Diversity Adjustment Gap,Problem,0.92,Capability
CONCERN_INC_1488,listening skills affecting leadership growth,Listening Deficit,Problem,0.92,Capability
CONCERN_CON_1490,adaptability during failures or setbacks,Recovery Fragility,Risk,0.92,Capability
CONCERN_LEA_1493,Emotional impulsiveness affecting leadership image,Emotional Reactivity,Behavior,0.92,Capability
CONCERN_LEA_1497,awareness about personal strengths,Identity Awareness Gap,Problem,0.92,Capability
CONCERN_IDE_1500,self-confidence despite capability,Confidence Deficit,Problem,0.92,Capability
CONCERN_EMO_1502,understanding personality traits,Personality Blind Spot,Problem,0.92,Capability
CONCERN_IDE_1504,clarity about long-term goals,Goal Ambiguity,Problem,0.92,Capability
CONCERN_ASP_1505,emotional self-awareness,Emotional Blindness,Problem,0.92,Capability
CONCERN_GRO_1509,understanding personal values,Value Ambiguity,Problem,0.92,Capability
CONCERN_SEL_1511,awareness about behavioral patterns,Behavioral Blindness,Problem,0.92,Capability
CONCERN_SOC_1515,resilience after setbacks,Resilience Deficit,Problem,0.92,Capability
CONCERN_PER_1518,adaptability to changing environments,Adaptability Weakness,Problem,0.92,Capability
CONCERN_PUR_1522,self-discipline and accountability,Self-Management Deficit,Problem,0.92,Capability
CONCERN_COG_1525,ownership over personal growth,Ownership Deficit,Problem,0.92,Capability
CONCERN_IDE_1527,awareness about personal strengths,Identity Awareness Gap,Problem,0.92,Capability
CONCERN_EMO_1531,understanding natural learning style,Learning Style Disconnect,Problem,0.92,Capability
CONCERN_COG_1532,self-confidence despite capability,Confidence Suppression,Behavior,0.92,Capability
CONCERN_BEH_1534,clarity about intrinsic motivations,Motivation Disconnect,Problem,0.92,Capability
CONCERN_EMO_1536,understanding of emotional triggers,Emotional Trigger Blindness,Problem,0.92,Capability
CONCERN_SEL_1541,clarity about personal values,Values Ambiguity,Problem,0.92,Capability
CONCERN_SEL_1545,ownership for personal growth,Accountability Deficit,Problem,0.92,Capability
CONCERN_PER_1547,Inconsistent self-discipline affecting growth,Discipline Instability,Problem,0.92,Capability
CONCERN_PER_1549,resilience after setbacks,Recovery Fragility,Risk,0.92,Capability
CONCERN_COG_1554,emotional resilience in social situations,Social Fragility,Risk,0.92,Capability
CONCERN_CAR_1566,awareness about emerging career possibilities,Exposure Gap,Problem,0.92,Capability
CONCERN_CAR_1579,self-discipline impacting career goals,Execution Instability,Problem,0.92,Capability
CONCERN_CAR_1583,clarity about personal work style preferences,Workstyle Ambiguity,Problem,0.92,Capability
CONCERN_CAR_1587,awareness about personal learning style,Learning Identity Gap,Problem,0.92,Capability
CONCERN_MET_1591,understanding of attention span limitations,Attention Mismanagement,Problem,0.92,Capability
CONCERN_LEA_1594,understanding personal motivation triggers,Motivation Blind Spot,Problem,0.92,Capability
CONCERN_SEL_1596,awareness about learning blockers,Learning Barrier Blindness,Problem,0.92,Capability
CONCERN_LEA_1603,curiosity-driven self-learning,Curiosity Suppression,Behavior,0.92,Capability
CONCERN_EXP_1604,understanding personal problem-solving style,Problem-Solving Blind Spot,Problem,0.92,Capability
CONCERN_SEL_1607,understanding of multitasking limitations,Cognitive Overload Risk,Risk,0.92,Capability
CONCERN_ATT_1608,differentiating interest from competency,Interest-Competency Mismatch,Problem,0.43,Capability
CONCERN_SEL_1609,awareness about communication strengths,Communication Blind Spot,Problem,0.92,Capability
CONCERN_EMO_1611,awareness of long-term competency development,Long-Term Growth Blindness,Problem,0.92,Capability
CONCERN_LEA_1613,reflecting on collaborative learning skills,Collaboration Awareness Gap,Problem,0.92,Capability
CONCERN_PRO_1615,assessing readiness for higher-level learning,Readiness Misjudgment,Problem,0.92,Capability
CONCERN_SEL_1630,clarity about long-term personal growth,Growth Direction Gap,Problem,0.92,Capability
CONCERN_SEL_1632,awareness of emotional triggers,Emotional Trigger Blindness,Problem,0.92,Capability
CONCERN_EMO_1638,ownership for personal performance,Accountability Deficit,Problem,0.92,Capability
CONCERN_INT_1642,understanding of personal learning style,Learning Style Blindness,Problem,0.92,Capability
CONCERN_FOU_1675,Independent Learning Ability,Independent Learning,Problem,0.4,Capability
CONCERN_DIS_1678,Goal Setting Ability,Goal Setting,Problem,0.4,Capability
CONCERN_ACA_1700,Vocabulary Development,Vocabulary Development,Problem,0.4,Capability
CONCERN_ANA_1713,Logical Sequencing Ability,Logical Sequencing,Problem,0.4,Capability
CONCERN_COM_1730,Understanding Real-World Relevance of Subjects,Academic Disconnect,Problem,0.92,Capability
CONCERN_ADJ_1749,Discipline,Discipline Instability,Problem,0.92,Capability
CONCERN_ACA_1768,Problem-Solving Skills,Problem Solving Deficit,Problem,0.92,Capability
CONCERN_COM_1786,Conversational Skills,Conversational Weakness,Problem,0.92,Capability
CONCERN_CON_1795,Curiosity,Curiosity Deficit,Problem,0.92,Capability
CONCERN_EXA_1813,Decision-Making Skills,Decision Weakness,Problem,0.92,Capability
CONCERN_EXA_1826,Self-Awareness,Self-Awareness Deficit,Problem,0.92,Capability
CONCERN_EXA_1833,Career Awareness,Career Awareness Gap,Problem,0.92,Capability
CONCERN_ACA_1836,Financial Awareness,Financial Illiteracy,Problem,0.92,Capability
CONCERN_SOC_1846,Leadership Confidence,Leadership Hesitation,Behavior,0.92,Capability
CONCERN_CON_1864,Listening Skills,Listening Deficit,Problem,0.92,Capability
CONCERN_SOC_1878,Adaptability to Failure,Failure Intolerance,Problem,0.92,Capability
CONCERN_SOC_1922,Child Developing Negative Self-Talk,Negative Internal Dialogue,Problem,0.4,Capability
CONCERN_ACA_1932,Conceptual Understanding,Conceptual Weakness,Problem,0.92,Capability
CONCERN_FOU_1933,Problem-Solving Ability,Problem-Solving Deficit,Problem,0.92,Capability
CONCERN_ACA_1937,Retention Ability,Memory Retention Deficit,Problem,0.92,Capability
CONCERN_ACA_1939,Communication Skills,Communication Weakness,Problem,0.92,Capability
CONCERN_DIS_1943,Self-Discipline,Discipline Instability,Problem,0.92,Capability
CONCERN_MOT_1946,Curiosity & Exploration,Curiosity Deficit,Problem,0.92,Capability
CONCERN_ACA_1948,Vocabulary Development,Vocabulary Deficit,Problem,0.92,Capability
CONCERN_THI_1952,Understanding Science Concepts,Science Concept Gaps,Problem,0.92,Capability
CONCERN_ACA_1953,Writing Skills,Writing Deficit,Problem,0.92,Capability
CONCERN_COM_1954,Presentation Skills,Presentation Anxiety,Problem,0.92,Capability
CONCERN_CLA_1956,Collaboration Skills,Teamwork Deficit,Problem,0.92,Capability
CONCERN_SOC_1957,Adaptability to New Learning Methods,Learning Rigidity,Trait,0.92,Capability
CONCERN_EXA_1965,Decision-Making Skills,Decision Instability,Problem,0.92,Capability
CONCERN_THI_1966,Career Awareness,Career Awareness Deficit,Problem,0.92,Capability
CONCERN_ACA_1967,Leadership Potential,Leadership Hesitation,Behavior,0.92,Capability
CONCERN_LEA_1968,Digital Learning Discipline,Digital Discipline Weakness,Problem,0.92,Capability
CONCERN_LIF_1969,Research & Exploration Skills,Research Deficit,Problem,0.92,Capability
CONCERN_ACA_1973,Note-Making Skills,Note Structuring Weakness,Problem,0.92,Capability
CONCERN_ACA_1974,Academic Ownership,Academic Dependency,Trait,0.92,Capability
CONCERN_MOT_1975,Competitive Readiness,Competitive Preparedness Deficit,Problem,0.92,Capability
CONCERN_COM_1976,Listening Skills in Classroom,Listening Deficit,Problem,0.92,Capability
CONCERN_LEA_1979,Creativity & Innovation Skills,Creativity Deficit,Problem,0.92,Capability
CONCERN_CON_1981,Sequential Thinking Skills,Sequential Reasoning Weakness,Problem,0.92,Capability
CONCERN_MOT_1986,Adaptability to Academic Changes,Adaptation Difficulty,Problem,0.92,Capability
CONCERN_ACA_1989,Subject Prioritization Skills,Subject Prioritization Deficit,Problem,0.92,Capability
CONCERN_ADJ_1991,Learning Persistence,Persistence Weakness,Problem,0.92,Capability
CONCERN_MOT_1992,Academic Ownership,Ownership Deficit,Problem,0.92,Capability
CONCERN_CON_2003,Competitive Awareness,Competitive Awareness Deficit,Problem,0.92,Capability
CONCERN_COM_2007,Data Interpretation Skills,Data Interpretation Weakness,Problem,0.92,Capability
CONCERN_THI_2008,Understanding Teacher Expectations,Expectation Interpretation Difficulty,Problem,0.92,Capability
CONCERN_EXA_2012,Pattern Recognition Skills,Pattern Recognition Weakness,Problem,0.92,Capability
CONCERN_EXA_2015,Understanding Abstract Theories,Abstract Understanding Difficulty,Problem,0.92,Capability
CONCERN_ACA_2016,Comparative Analysis Skills,Comparative Reasoning Deficit,Problem,0.92,Capability
CONCERN_EXA_2018,Self-Correction Ability,Self-Correction Deficit,Problem,0.92,Capability
CONCERN_THI_2022,Reflective Thinking Skills,Reflection Deficit,Problem,0.92,Capability
CONCERN_COM_2024,Practical Experiment Understanding,Practical STEM Deficit,Problem,0.92,Capability
CONCERN_EXA_2030,Long-Term Academic Planning,Long-Term Planning Deficit,Problem,0.92,Capability
CONCERN_DIS_2034,Concept Visualization Skills,Visualization Weakness,Problem,0.92,Capability
CONCERN_LEA_2048,Learning Ownership During Group Tasks,Group Ownership Deficit,Problem,0.92,Capability
CONCERN_EXA_2054,Error Detection Skills,Error Detection Deficit,Problem,0.92,Capability
CONCERN_THI_2055,Building Long-Term Academic Momentum,Momentum Instability,Problem,0.92,Capability
CONCERN_ACA_2062,Self-Evaluation Skills,Self-Assessment Weakness,Problem,0.92,Capability
CONCERN_ACA_2067,Understanding Examination Patterns,Exam Pattern Awareness Deficit,Problem,0.92,Capability
CONCERN_EXA_2068,Adaptive Problem-Solving Skills,Adaptive Problem-Solving Deficit,Problem,0.92,Capability
CONCERN_EXA_2070,Strategic Guessing Ability in MCQs,Strategic Elimination Weakness,Problem,0.92,Capability
CONCERN_EXA_2071,Building Conceptual Depth,Conceptual Depth Deficit,Problem,0.92,Capability
CONCERN_CON_2073,Learning Discipline During Holidays,Holiday Discipline Weakness,Problem,0.92,Capability
CONCERN_DIS_2074,Concept Simplification Ability,Simplification Deficit,Problem,0.92,Capability
CONCERN_DIS_2085,Adaptability to Competitive Peer Groups,Peer Adaptation Difficulty,Problem,0.92,Capability
CONCERN_DIS_2093,Curiosity in Practical Learning,Practical Curiosity Deficit,Problem,0.92,Capability
CONCERN_LEA_2096,Understanding Interdisciplinary Concepts,Interdisciplinary Confusion,Problem,0.92,Capability
CONCERN_MOT_2100,Learning Reflection Skills,Reflection Weakness,Problem,0.92,Capability
CONCERN_SEL_2101,Understanding NCERT-Based Conceptual Questions,NCERT Conceptual Interpretation Difficulty,Problem,0.92,Capability
CONCERN_LEA_2105,Classroom Observation Skills,Observation Deficit,Problem,0.92,Capability
CONCERN_ADJ_2110,Adaptability to New Teachers,Teacher Adaptation Difficulty,Problem,0.92,Capability
CONCERN_INT_2113,Balancing Academic and Skill-Based Learning,Academic-Skill Balance Difficulty,Problem,0.92,Capability
CONCERN_ADJ_2114,Adaptation to Competency-Based Education,Competency Adaptation Deficit,Problem,0.92,Capability
CONCERN_CLA_2119,Helping Students Build Study Discipline,Discipline Development Difficulty,Problem,0.92,Capability
CONCERN_COM_2127,Building Student Curiosity,Curiosity Activation Difficulty,Problem,0.92,Capability
CONCERN_MOT_2135,Building Conceptual Clarity in Large Classrooms,Conceptual Clarity Delivery Difficulty,Problem,0.92,Capability
CONCERN_ACA_2147,Building Collaborative Learning Culture,Team-Based Learning Resistance,Behavior,0.92,Capability
CONCERN_COM_2151,Holistic Student Development,Holistic Development Coordination Difficulty,Problem,0.92,Capability
CONCERN_CLA_2154,Building Student Ownership of Learning,Learning Ownership Weakness,Problem,0.92,Capability
CONCERN_ACA_2160,Building Inquiry-Based Learning Culture,Inquiry Culture Weakness,Problem,0.92,Capability
CONCERN_EXA_2187,Building Student Confidence in Oral Examinations,Oral Examination Anxiety,Problem,0.92,Capability
CONCERN_COM_2174,Building Student Adaptability in Dynamic Learning Environments,Learning Adaptability Weakness,Problem,0.92,Capability
CONCERN_COM_2176,Building Holistic Classroom Wellbeing,Classroom Wellbeing Coordination Difficulty,Problem,0.92,Capability
CONCERN_ACA_2178,Managing Students Who Memorize Without Understanding,Surface Learning Dependency,Trait,0.92,Capability
CONCERN_MOT_2480,Academic Ownership,Academic Ownership Deficit,Problem,0.92,Capability
CONCERN_CLA_2191,Improving Student Note-Taking Quality,Note-Taking Weakness,Problem,0.92,Capability
CONCERN_EXA_2209,Improving Student Accuracy in Calculations,Calculation Accuracy Deficit,Problem,0.92,Capability
CONCERN_COM_2213,Supporting Students with Low Academic Persistence,Academic Persistence Weakness,Problem,0.92,Capability
CONCERN_MOT_2231,Helping Students Maintain Long-Term Academic Discipline,Long-Term Discipline Weakness,Problem,0.92,Capability
CONCERN_EXA_2235,Supporting Students with Low Academic Curiosity,Academic Curiosity Deficit,Problem,0.92,Capability
CONCERN_THI_2237,Helping Students Build Exam Confidence,Exam Confidence Weakness,Problem,0.92,Capability
CONCERN_EXA_2249,Helping Students Develop Structured Thinking,Structured Reasoning Weakness,Problem,0.92,Capability
CONCERN_SEL_2255,Helping Students Build Independent Revision Strategies,Independent Revision Weakness,Problem,0.92,Capability
CONCERN_COM_2267,Helping Students Build Analytical Writing Skills,Analytical Writing Weakness,Problem,0.92,Capability
CONCERN_EXA_2279,Helping Students Maintain Learning Discipline in Hybrid Learning Models,Hybrid Discipline Weakness,Problem,0.92,Capability
CONCERN_INT_2291,Helping Students Build Sustainable Study Habits,Sustainable Discipline Weakness,Problem,0.92,Capability
CONCERN_EXA_2297,Helping Students Build Long-Term Learning Identity,Learning Identity Weakness,Problem,0.92,Capability
CONCERN_ADJ_2301,Building a Balanced Academic & Emotional Classroom Ecosystem,Classroom Balance Weakness,Problem,0.92,Capability
CONCERN_ACA_2325,Child Showing Reduced Curiosity Toward Learning,Curiosity Decline,Outcome,0.92,Capability
CONCERN_SOC_2330,Building Academic Independence,Academic Dependency,Trait,0.92,Capability
CONCERN_ACA_2338,Conceptual Understanding Despite Repeated Teaching,Conceptual Understanding Deficit,Problem,0.92,Capability
CONCERN_ACA_2343,Adapting Students to Competency-Based Learning,Competency Adaptation Difficulty,Problem,0.92,Capability
CONCERN_ACA_2345,Independent Learning Ability Among Students,Independent Learning Weakness,Problem,0.92,Capability
CONCERN_ACA_2432,Curiosity About Future Career Possibilities,Career Curiosity Deficit,Problem,0.92,Capability
CONCERN_SOC_2373,Trust Building Among Students,Trust Formation Weakness,Problem,0.92,Capability
CONCERN_SOC_2375,Understanding Emotional Needs of Peers,Peer Emotional Awareness Deficit,Problem,0.92,Capability
CONCERN_SOC_2377,Collaboration During Academic Tasks,Academic Collaboration Weakness,Problem,0.92,Capability
CONCERN_SOC_2379,Emotional Resilience During Peer Competition,Competitive Emotional Fragility,Risk,0.92,Capability
CONCERN_SOC_2392,Motivation Persistence During Long-Term Preparation,Motivation Persistence Weakness,Problem,0.92,Capability
CONCERN_MOT_2401,Building Long-Term Academic Commitment,Academic Commitment Instability,Problem,0.92,Capability
CONCERN_DIS_2403,Daily Academic Planning Habits,Daily Planning Weakness,Problem,0.92,Capability
CONCERN_LIF_2408,Sleep Discipline Affecting Academic Performance,Sleep Discipline Weakness,Problem,0.92,Capability
CONCERN_HOL_2479,Learning Persistence,Learning Persistence Weakness,Problem,0.92,Capability
CONCERN_LIF_2418,Building Healthy Academic Habits Early,Early Habit Instability,Problem,0.92,Capability
CONCERN_ACA_2424,Ownership of Long-Term Academic Direction,Academic Direction Dependency,Trait,0.92,Capability
CONCERN_ACA_2425,Building Self-Driven Career Exploration,Career Exploration Weakness,Problem,0.92,Capability
CONCERN_ACA_2435,Developing Meaningful Academic Aspirations,Aspirational Clarity Weakness,Problem,0.92,Capability
CONCERN_ACA_2437,Alignment Between Academic Effort and Career Vision,Effort-Vision Disconnect,Problem,0.92,Capability
CONCERN_ACA_2439,Decision-Making Confidence During Career Planning,Career Decision Anxiety,Problem,0.92,Capability
CONCERN_ACA_2444,Helping Students Build Independent Identity Thinking,Identity Dependency,Trait,0.92,Capability
CONCERN_ACA_2446,Clarity About Personal Learning Preferences,Learning Preference Ambiguity,Problem,0.92,Capability
CONCERN_ACA_2448,Building Internal Motivation Beyond Rewards,External Reward Dependency,Trait,0.92,Capability
CONCERN_ACA_2450,Build Purpose-Oriented Academic Plans,Purpose-Oriented Planning Weakness,Problem,0.92,Capability
CONCERN_SEL_2459,Helping Students Develop Consistent Revision Discipline,Revision Consistency Weakness,Problem,0.92,Capability
CONCERN_EXA_2465,Helping Students Build Sustainable Academic Habits,Sustainable Discipline Weakness,Problem,0.92,Capability
CONCERN_ACA_2469,Sequential Thinking Skills,Sequential Thinking Weakness,Problem,0.92,Capability
CONCERN_MOT_2474,Adaptability to Academic Changes,Academic Adaptability Weakness,Problem,0.92,Capability
CONCERN_ACA_2477,Subject Prioritization Skills,Subject Prioritization Weakness,Problem,0.92,Capability