intent,target_id,target_label,before_class,resolved_id,confidence,short_intent
"i keep struggling with measure collaborative competencies institutionally",CONCERN_ACA_1188,"Measure Collaborative Competencies Institutionally",failure,CONCERN_ACA_1188,34,false
"i cannot manage measure collaborative competencies institutionally",CONCERN_ACA_1188,"Measure Collaborative Competencies Institutionally",failure,CONCERN_ACA_1188,35,false
"i need help with measure collaborative competencies institutionally",CONCERN_ACA_1188,"Measure Collaborative Competencies Institutionally",failure,CONCERN_ACA_1188,35,false
"i struggle with concentration during studies",CONCERN_ACA_1648,"Concentration During Studies",failure,CONCERN_ACA_1648,31,false
"i have trouble with concentration during studies",CONCERN_ACA_1648,"Concentration During Studies",failure,CONCERN_ACA_1648,31,false
"i keep struggling with concentration during studies",CONCERN_ACA_1648,"Concentration During Studies",failure,CONCERN_ACA_1648,27,false
"i cannot manage concentration during studies",CONCERN_ACA_1648,"Concentration During Studies",failure,CONCERN_ACA_1648,27,false
"i need help with concentration during studies",CONCERN_ACA_1648,"Concentration During Studies",failure,CONCERN_ACA_1648,27,false
"i cannot manage problem-solving skills",CONCERN_ACA_1650,"Problem-Solving Skills",failure,CONCERN_ACA_1650,29,false
"i keep struggling with analytical thinking",CONCERN_ACA_1651,"Analytical Thinking",failure,CONCERN_ACA_1651,32,false
"i cannot manage analytical thinking",CONCERN_ACA_1651,"Analytical Thinking",failure,CONCERN_ACA_1651,32,false
"i keep struggling with writing skills",CONCERN_ACA_1657,"Writing Skills",failure,CONCERN_ACA_1657,30,false
"i cannot manage writing skills",CONCERN_ACA_1657,"Writing Skills",failure,CONCERN_ACA_1657,30,false
"i keep struggling with memory retention",CONCERN_ACA_1663,"Memory Retention",failure,CONCERN_ACA_1663,46,false
"i cannot manage memory retention",CONCERN_ACA_1663,"Memory Retention",failure,CONCERN_ACA_1663,46,false
"i need help with memory retention",CONCERN_ACA_1663,"Memory Retention",failure,CONCERN_ACA_1663,46,false
"i keep struggling with revising effectively",CONCERN_ACA_1664,"Revising Effectively",failure,CONCERN_ACA_1664,31,false
"i cannot manage revising effectively",CONCERN_ACA_1664,"Revising Effectively",failure,CONCERN_ACA_1664,31,false
"i keep struggling with initiative in learning",CONCERN_ACA_1687,"Initiative in Learning",failure,CONCERN_ACA_1687,29,false
"i cannot manage initiative in learning",CONCERN_ACA_1687,"Initiative in Learning",failure,CONCERN_ACA_1687,29,false
"i keep struggling with mathematical reasoning",CONCERN_ACA_1698,"Mathematical Reasoning",failure,CONCERN_ACA_1698,35,false
"i cannot manage mathematical reasoning",CONCERN_ACA_1698,"Mathematical Reasoning",failure,CONCERN_ACA_1698,35,false
"i need help with mathematical reasoning",CONCERN_ACA_1698,"Mathematical Reasoning",failure,CONCERN_ACA_1698,35,false
"i cannot manage vocabulary development",CONCERN_ACA_1700,"Vocabulary Development",failure,CONCERN_ACA_1700,31,false
"i need help with vocabulary development",CONCERN_ACA_1700,"Vocabulary Development",failure,CONCERN_ACA_1700,31,false
"i keep struggling with interpretation skills",CONCERN_ACA_1721,"Interpretation Skills",failure,CONCERN_ACA_1721,30,false
"i keep struggling with numerical fluency",CONCERN_ACA_1726,"Numerical Fluency",failure,CONCERN_ACA_1726,48,false
"i cannot manage numerical fluency",CONCERN_ACA_1726,"Numerical Fluency",failure,CONCERN_ACA_1726,48,false
"i need help with numerical fluency",CONCERN_ACA_1726,"Numerical Fluency",failure,CONCERN_ACA_1726,48,false
"i keep struggling with sleep disruption",CONCERN_ACA_1737,"Sleep Disruption",failure,CONCERN_ACA_1737,34,false
"i cannot manage sleep disruption",CONCERN_ACA_1737,"Sleep Disruption",failure,CONCERN_ACA_1737,34,false
"i need help with sleep disruption",CONCERN_ACA_1737,"Sleep Disruption",failure,CONCERN_ACA_1737,34,false
"i keep struggling with homework avoidance",CONCERN_ACA_1761,"Homework Avoidance",failure,CONCERN_ACA_1761,46,false
"i cannot manage homework avoidance",CONCERN_ACA_1761,"Homework Avoidance",failure,CONCERN_ACA_1761,35,false
"i need help with homework avoidance",CONCERN_ACA_1761,"Homework Avoidance",failure,CONCERN_ACA_1761,46,false
"i cannot manage problem-solving skills",CONCERN_ACA_1768,"Problem-Solving Skills",failure,CONCERN_ACA_1650,29,false
"i keep struggling with identity confusion",CONCERN_ACA_1822,"Identity Confusion",failure,CONCERN_ACA_1822,30,false
"i keep struggling with financial awareness",CONCERN_ACA_1836,"Financial Awareness",failure,CONCERN_ACA_1836,31,false
"i need help with financial awareness",CONCERN_ACA_1836,"Financial Awareness",failure,CONCERN_ACA_1836,31,false
"i keep struggling with academic dishonesty",CONCERN_ACA_1859,"Academic Dishonesty",failure,CONCERN_ACA_1859,30,false
"i cannot manage academic dishonesty",CONCERN_ACA_1859,"Academic Dishonesty",failure,CONCERN_ACA_1859,30,false
"i need help with academic dishonesty",CONCERN_ACA_1859,"Academic Dishonesty",failure,CONCERN_ACA_1859,30,false
"i keep struggling with academic focus",CONCERN_ACA_1931,"Academic Focus",failure,CONCERN_ACA_1931,29,false
"i keep struggling with conceptual understanding",CONCERN_ACA_1932,"Conceptual Understanding",failure,CONCERN_ACA_1932,30,false
"i cannot manage conceptual understanding",CONCERN_ACA_1932,"Conceptual Understanding",failure,CONCERN_ACA_1932,30,false
"i keep struggling with retention ability",CONCERN_ACA_1937,"Retention Ability",failure,CONCERN_ACA_1937,29,false
"i cannot manage retention ability",CONCERN_ACA_1937,"Retention Ability",failure,CONCERN_ACA_1937,29,false
"i keep struggling with following instructions",CONCERN_ACA_1938,"Following Instructions",failure,CONCERN_ACA_1938,33,false
"i cannot manage following instructions",CONCERN_ACA_1938,"Following Instructions",failure,CONCERN_ACA_1938,33,false
"i need help with following instructions",CONCERN_ACA_1938,"Following Instructions",failure,CONCERN_ACA_1938,33,false
"i cannot manage vocabulary development",CONCERN_ACA_1948,"Vocabulary Development",failure,CONCERN_ACA_1700,31,false
"i need help with vocabulary development",CONCERN_ACA_1948,"Vocabulary Development",failure,CONCERN_ACA_1700,31,false
"i keep struggling with logical thinking",CONCERN_ACA_1951,"Logical Thinking",failure,CONCERN_ACA_1951,34,false
"i cannot manage logical thinking",CONCERN_ACA_1951,"Logical Thinking",failure,CONCERN_ACA_1951,34,false
"i need help with logical thinking",CONCERN_ACA_1951,"Logical Thinking",failure,CONCERN_ACA_1951,34,false
"i keep struggling with writing skills",CONCERN_ACA_1953,"Writing Skills",failure,CONCERN_ACA_1657,30,false
"i cannot manage writing skills",CONCERN_ACA_1953,"Writing Skills",failure,CONCERN_ACA_1657,30,false
"i keep struggling with leadership potential",CONCERN_ACA_1967,"Leadership Potential",failure,CONCERN_ACA_1967,32,false
"i need help with leadership potential",CONCERN_ACA_1967,"Leadership Potential",failure,CONCERN_ACA_1967,32,false
"i keep struggling with note-making skills",CONCERN_ACA_1973,"Note-Making Skills",failure,CONCERN_ACA_1973,41,false
"i cannot manage note-making skills",CONCERN_ACA_1973,"Note-Making Skills",failure,CONCERN_ACA_1973,39,false
"i need help with note-making skills",CONCERN_ACA_1973,"Note-Making Skills",failure,CONCERN_ACA_1973,37,false
"i keep struggling with simultaneous assignments",CONCERN_ACA_2033,"Simultaneous Assignments",failure,CONCERN_ACA_2033,46,false
"i cannot manage simultaneous assignments",CONCERN_ACA_2033,"Simultaneous Assignments",failure,CONCERN_ACA_2033,36,false
"i need help with simultaneous assignments",CONCERN_ACA_2033,"Simultaneous Assignments",failure,CONCERN_ACA_2033,46,false
"i struggle with structuring revision priorities",CONCERN_ACA_2045,"Structuring Revision Priorities",failure,CONCERN_ACA_2045,31,false
"i have trouble with structuring revision priorities",CONCERN_ACA_2045,"Structuring Revision Priorities",failure,CONCERN_ACA_2045,31,false
"i keep struggling with structuring revision priorities",CONCERN_ACA_2045,"Structuring Revision Priorities",failure,CONCERN_ACA_2045,27,false
"i have trouble with competing academic priorities",CONCERN_ACA_2051,"Competing Academic Priorities",failure,CONCERN_ACA_2051,29,false
"i cannot manage competing academic priorities",CONCERN_ACA_2051,"Competing Academic Priorities",failure,CONCERN_ACA_2051,25,false
"i keep struggling with self-evaluation skills",CONCERN_ACA_2062,"Self-Evaluation Skills",failure,CONCERN_ACA_2062,38,false
"i cannot manage self-evaluation skills",CONCERN_ACA_2062,"Self-Evaluation Skills",failure,CONCERN_ACA_2062,36,false
"i need help with self-evaluation skills",CONCERN_ACA_2062,"Self-Evaluation Skills",failure,CONCERN_ACA_2062,33,false
"i keep struggling with curiosity about future career possibilities",CONCERN_ACA_2432,"Curiosity About Future Career Possibilities",failure,CONCERN_ACA_2432,29,false
"i cannot manage curiosity about future career possibilities",CONCERN_ACA_2432,"Curiosity About Future Career Possibilities",failure,CONCERN_ACA_2432,37,false
"i have trouble with leading small responsibilities",CONCERN_ACA_718,"Leading Small Responsibilities",failure,CONCERN_ACA_718,43,false
"i keep struggling with leading small responsibilities",CONCERN_ACA_718,"Leading Small Responsibilities",failure,CONCERN_ACA_718,36,false
"i cannot manage leading small responsibilities",CONCERN_ACA_718,"Leading Small Responsibilities",failure,CONCERN_ACA_718,34,false
"i need help with leading small responsibilities",CONCERN_ACA_718,"Leading Small Responsibilities",failure,CONCERN_ACA_718,32,false
"i keep struggling with building confidence for higher studies abroad",CONCERN_ACA_81,"Building Confidence for Higher Studies Abroad",failure,CONCERN_ACA_81,29,false
"i cannot manage building confidence for higher studies abroad",CONCERN_ACA_81,"Building Confidence for Higher Studies Abroad",failure,CONCERN_ACA_81,30,false
"i struggle with discipline",CONCERN_ADJ_1749,"Discipline",failure,CONCERN_CAR_256,37,true
"i have trouble with discipline",CONCERN_ADJ_1749,"Discipline",failure,CONCERN_ADJ_1749,31,true
"i cannot manage fear of teachers",CONCERN_ADJ_1794,"Fear of Teachers",failure,CONCERN_ADJ_1794,29,false
"i struggle with accountability",CONCERN_ADJ_1810,"Accountability",failure,CONCERN_CAR_256,37,true
"i have trouble with accountability",CONCERN_ADJ_1810,"Accountability",failure,CONCERN_ADJ_1810,31,true
"i keep struggling with accountability",CONCERN_ADJ_1810,"Accountability",failure,CONCERN_ADJ_1810,24,true
"i need help with accountability",CONCERN_ADJ_1810,"Accountability",failure,CONCERN_CON_1777,28,true
"i keep struggling with excessive perfectionism",CONCERN_ADJ_1817,"Excessive Perfectionism",failure,CONCERN_ADJ_1817,34,false
"i cannot manage excessive perfectionism",CONCERN_ADJ_1817,"Excessive Perfectionism",failure,CONCERN_ADJ_1817,34,false
"i need help with excessive perfectionism",CONCERN_ADJ_1817,"Excessive Perfectionism",failure,CONCERN_ADJ_1817,34,false
"i keep struggling with learning persistence",CONCERN_ADJ_1991,"Learning Persistence",failure,CONCERN_ADJ_1991,29,false
"i cannot manage learning persistence",CONCERN_ADJ_1991,"Learning Persistence",failure,CONCERN_ADJ_1991,29,false
"i have trouble with managing professional responsibilities",CONCERN_ADJ_392,"Managing Professional Responsibilities",failure,CONCERN_ADJ_392,26,false
"i keep struggling with virtual interviews",CONCERN_ADJ_484,"Virtual Interviews",failure,CONCERN_ADJ_484,34,false
"i cannot manage virtual interviews",CONCERN_ADJ_484,"Virtual Interviews",failure,CONCERN_ADJ_484,34,false
"i need help with virtual interviews",CONCERN_ADJ_484,"Virtual Interviews",failure,CONCERN_ADJ_484,34,false
"i struggle with internship and exposure opportunities",CONCERN_ALT_1386,"internship and exposure opportunities",failure,CONCERN_ALT_1386,34,false
"i have trouble with internship and exposure opportunities",CONCERN_ALT_1386,"internship and exposure opportunities",failure,CONCERN_ALT_1386,34,false
"i keep struggling with internship and exposure opportunities",CONCERN_ALT_1386,"internship and exposure opportunities",failure,CONCERN_ALT_1386,30,false
"i cannot manage internship and exposure opportunities",CONCERN_ALT_1386,"internship and exposure opportunities",failure,CONCERN_ALT_1386,30,false
"i need help with internship and exposure opportunities",CONCERN_ALT_1386,"internship and exposure opportunities",failure,CONCERN_ALT_1386,30,false
"i keep struggling with emotional self-awareness",CONCERN_ASP_1505,"emotional self-awareness",failure,CONCERN_ASP_1505,30,false
"i cannot manage emotional self-awareness",CONCERN_ASP_1505,"emotional self-awareness",failure,CONCERN_ASP_1505,30,false
"i need help with emotional self-awareness",CONCERN_ASP_1505,"emotional self-awareness",failure,CONCERN_ASP_1505,30,false
"i keep struggling with aptitude-career alignment",CONCERN_CAR_1389,"aptitude-career alignment",failure,CONCERN_CAR_1389,50,false
"i cannot manage aptitude-career alignment",CONCERN_CAR_1389,"aptitude-career alignment",failure,CONCERN_CAR_1389,49,false
"i need help with aptitude-career alignment",CONCERN_CAR_1389,"aptitude-career alignment",failure,CONCERN_CAR_1389,38,false
"i keep struggling with communication impacting career opportunities",CONCERN_CAR_1392,"communication impacting career opportunities",failure,CONCERN_CAR_1392,27,false
"i keep struggling with academic backlogs",CONCERN_CAR_15,"Academic Backlogs",failure,CONCERN_CAR_15,42,false
"i cannot manage academic backlogs",CONCERN_CAR_15,"Academic Backlogs",failure,CONCERN_CAR_15,40,false
"i need help with academic backlogs",CONCERN_CAR_15,"Academic Backlogs",failure,CONCERN_CAR_15,40,false
"i keep struggling with awareness about emerging career possibilities",CONCERN_CAR_1566,"awareness about emerging career possibilities",failure,CONCERN_CAR_1566,31,false
"i cannot manage awareness about emerging career possibilities",CONCERN_CAR_1566,"awareness about emerging career possibilities",failure,CONCERN_CAR_1566,31,false
"i need help with awareness about emerging career possibilities",CONCERN_CAR_1566,"awareness about emerging career possibilities",failure,CONCERN_CAR_1566,31,false
"i keep struggling with placement interviews",CONCERN_CAR_362,"Placement Interviews",failure,CONCERN_CAR_362,31,false
"i cannot manage workplace networking",CONCERN_CAR_390,"Workplace Networking",failure,CONCERN_CAR_390,29,false
"i keep struggling with executive-level communication",CONCERN_CAR_502,"Executive-Level Communication",failure,CONCERN_CAR_502,40,false
"i cannot manage executive-level communication",CONCERN_CAR_502,"Executive-Level Communication",failure,CONCERN_CAR_502,38,false
"i need help with executive-level communication",CONCERN_CAR_502,"Executive-Level Communication",failure,CONCERN_CAR_502,39,false
"i cannot manage leadership interactions",CONCERN_CAR_566,"Leadership Interactions",failure,CONCERN_CAR_566,28,false
"i keep struggling with classroom preparedness",CONCERN_CLA_2009,"Classroom Preparedness",failure,CONCERN_CLA_2009,41,false
"i cannot manage classroom preparedness",CONCERN_CLA_2009,"Classroom Preparedness",failure,CONCERN_CLA_2009,41,false
"i need help with classroom preparedness",CONCERN_CLA_2009,"Classroom Preparedness",failure,CONCERN_CLA_2009,41,false
"i keep struggling with self-doubt during leadership opportunities",CONCERN_COL_1075,"Self-Doubt During Leadership Opportunities",failure,CONCERN_COL_1075,28,false
"i cannot manage self-doubt during leadership opportunities",CONCERN_COL_1075,"Self-Doubt During Leadership Opportunities",failure,CONCERN_COL_1075,28,false
"i need help with self-doubt during leadership opportunities",CONCERN_COL_1075,"Self-Doubt During Leadership Opportunities",failure,CONCERN_COL_1075,28,false
"i keep struggling with exam composure",CONCERN_COL_2049,"Exam Composure",failure,CONCERN_COL_2049,42,false
"i cannot manage exam composure",CONCERN_COL_2049,"Exam Composure",failure,CONCERN_COL_2049,40,false
"i need help with exam composure",CONCERN_COL_2049,"Exam Composure",failure,CONCERN_COL_2049,38,false
"i have trouble with handling strategic responsibilities",CONCERN_COL_610,"Handling Strategic Responsibilities",failure,CONCERN_COL_610,29,false
"i keep struggling with reading comprehension",CONCERN_COM_1656,"Reading Comprehension",failure,CONCERN_COM_1656,34,false
"i cannot manage reading comprehension",CONCERN_COM_1656,"Reading Comprehension",failure,CONCERN_COM_1656,34,false
"i need help with reading comprehension",CONCERN_COM_1656,"Reading Comprehension",failure,CONCERN_COM_1656,34,false
"i keep struggling with homework independently",CONCERN_COM_1658,"Homework Independently",failure,CONCERN_COM_1658,38,false
"i need help with homework independently",CONCERN_COM_1658,"Homework Independently",failure,CONCERN_COM_1658,36,false
"i keep struggling with multiple subjects",CONCERN_COM_1684,"Multiple Subjects",failure,CONCERN_COM_1684,30,false
"i need help with multiple subjects",CONCERN_COM_1684,"Multiple Subjects",failure,CONCERN_COM_1684,30,false
"i keep struggling with self-learning confidence",CONCERN_COM_1692,"Self-Learning Confidence",failure,CONCERN_COM_1692,31,false
"i cannot manage self-learning confidence",CONCERN_COM_1692,"Self-Learning Confidence",failure,CONCERN_COM_1692,31,false
"i need help with self-learning confidence",CONCERN_COM_1692,"Self-Learning Confidence",failure,CONCERN_COM_1692,31,false
"i keep struggling with anxiety & overthinking",CONCERN_COM_1742,"Anxiety & Overthinking",failure,CONCERN_COM_1742,31,false
"i cannot manage anxiety & overthinking",CONCERN_COM_1742,"Anxiety & Overthinking",failure,CONCERN_COM_1742,31,false
"i need help with anxiety & overthinking",CONCERN_COM_1742,"Anxiety & Overthinking",failure,CONCERN_COM_1742,31,false
"i keep struggling with conversational skills",CONCERN_COM_1786,"Conversational Skills",failure,CONCERN_COM_1786,41,false
"i cannot manage conversational skills",CONCERN_COM_1786,"Conversational Skills",failure,CONCERN_COM_1786,39,false
"i need help with conversational skills",CONCERN_COM_1786,"Conversational Skills",failure,CONCERN_COM_1786,37,false
"i keep struggling with expressing emotions",CONCERN_COM_1800,"Expressing Emotions",failure,CONCERN_COM_1800,44,false
"i cannot manage expressing emotions",CONCERN_COM_1800,"Expressing Emotions",failure,CONCERN_COM_1800,42,false
"i need help with expressing emotions",CONCERN_COM_1800,"Expressing Emotions",failure,CONCERN_COM_1800,43,false
"i need help with time management",CONCERN_COM_1801,"Time Management",failure,CONCERN_DIS_1659,31,false
"i keep struggling with english communication",CONCERN_COM_1949,"English Communication",failure,CONCERN_COM_1949,33,false
"i cannot manage english communication",CONCERN_COM_1949,"English Communication",failure,CONCERN_COM_1949,33,false
"i need help with english communication",CONCERN_COM_1949,"English Communication",failure,CONCERN_COM_1949,33,false
"i keep struggling with mathematical reasoning",CONCERN_COM_1950,"Mathematical Reasoning",failure,CONCERN_ACA_1698,35,false
"i cannot manage mathematical reasoning",CONCERN_COM_1950,"Mathematical Reasoning",failure,CONCERN_ACA_1698,35,false
"i need help with mathematical reasoning",CONCERN_COM_1950,"Mathematical Reasoning",failure,CONCERN_ACA_1698,35,false
"i keep struggling with presentation skills",CONCERN_COM_1954,"Presentation Skills",failure,CONCERN_COM_1954,29,false
"i cannot manage presentation skills",CONCERN_COM_1954,"Presentation Skills",failure,CONCERN_COM_1954,29,false
"i keep struggling with classroom participation",CONCERN_COM_1955,"Classroom Participation",failure,CONCERN_COM_1955,32,false
"i cannot manage classroom participation",CONCERN_COM_1955,"Classroom Participation",failure,CONCERN_COM_1955,32,false
"i need help with classroom participation",CONCERN_COM_1955,"Classroom Participation",failure,CONCERN_COM_1955,32,false
"i keep struggling with exam strategy",CONCERN_COM_1961,"Exam Strategy",failure,CONCERN_COM_1961,31,false
"i cannot manage exam strategy",CONCERN_COM_1961,"Exam Strategy",failure,CONCERN_COM_1961,31,false
"i keep struggling with semester pressure",CONCERN_COM_23,"Semester Pressure",failure,CONCERN_COM_23,30,false
"i cannot manage semester pressure",CONCERN_COM_23,"Semester Pressure",failure,CONCERN_COM_23,30,false
"i need help with semester pressure",CONCERN_COM_23,"Semester Pressure",failure,CONCERN_COM_23,30,false
"i keep struggling with technical assessments",CONCERN_COM_370,"Technical Assessments",failure,CONCERN_COM_370,32,false
"i cannot manage technical assessments",CONCERN_COM_370,"Technical Assessments",failure,CONCERN_COM_370,32,false
"i keep struggling with manage workplace priorities without supervision",CONCERN_COM_434,"Manage Workplace Priorities Without Supervision",failure,CONCERN_COM_434,28,false
"i need help with manage workplace priorities without supervision",CONCERN_COM_434,"Manage Workplace Priorities Without Supervision",failure,CONCERN_COM_434,28,false
"i have trouble with career reinvention possibilities",CONCERN_COM_500,"Career Reinvention Possibilities",failure,CONCERN_COM_500,28,false
"i keep struggling with career reinvention possibilities",CONCERN_COM_500,"Career Reinvention Possibilities",failure,CONCERN_COM_500,24,false
"i cannot manage career reinvention possibilities",CONCERN_COM_500,"Career Reinvention Possibilities",failure,CONCERN_COM_500,24,false
"i keep struggling with emotional pressure from financial responsibilities",CONCERN_COM_527,"Emotional Pressure from Financial Responsibilities",failure,CONCERN_COM_527,28,false
"i need help with emotional pressure from financial responsibilities",CONCERN_COM_527,"Emotional Pressure from Financial Responsibilities",failure,CONCERN_COM_527,28,false
"i keep struggling with balancing strategic and operational responsibilities",CONCERN_COM_587,"Balancing Strategic and Operational Responsibilities",failure,CONCERN_COM_587,31,false
"i need help with balancing strategic and operational responsibilities",CONCERN_COM_587,"Balancing Strategic and Operational Responsibilities",failure,CONCERN_COM_587,31,false
"i have trouble with managing larger responsibilities",CONCERN_COM_596,"Managing Larger Responsibilities",failure,CONCERN_COM_596,30,false
"i keep struggling with managing larger responsibilities",CONCERN_COM_596,"Managing Larger Responsibilities",failure,CONCERN_COM_596,27,false
"i cannot manage managing larger responsibilities",CONCERN_COM_596,"Managing Larger Responsibilities",failure,CONCERN_COM_596,27,false
"i need help with managing larger responsibilities",CONCERN_COM_596,"Managing Larger Responsibilities",failure,CONCERN_COM_596,27,false
"i cannot manage understand workplace priorities strategically",CONCERN_COM_686,"Understand Workplace Priorities Strategically",failure,CONCERN_COM_686,31,false
"i need help with understand workplace priorities strategically",CONCERN_COM_686,"Understand Workplace Priorities Strategically",failure,CONCERN_COM_686,35,false
"i keep struggling with internship readiness",CONCERN_COM_8,"Internship Readiness",failure,CONCERN_COM_8,31,false
"i cannot manage internship readiness",CONCERN_COM_8,"Internship Readiness",failure,CONCERN_COM_8,31,false
"i need help with internship readiness",CONCERN_COM_8,"Internship Readiness",failure,CONCERN_COM_8,31,false
"i keep struggling with identify high-potential transition opportunities",CONCERN_COM_998,"Identify High-Potential Transition Opportunities",failure,CONCERN_COM_998,42,false
"i cannot manage identify high-potential transition opportunities",CONCERN_COM_998,"Identify High-Potential Transition Opportunities",failure,CONCERN_COM_998,43,false
"i need help with identify high-potential transition opportunities",CONCERN_COM_998,"Identify High-Potential Transition Opportunities",failure,CONCERN_COM_998,43,false
"i keep struggling with negotiating career growth opportunities",CONCERN_CON_1084,"Negotiating Career Growth Opportunities",failure,CONCERN_CON_1084,38,false
"i cannot manage negotiating career growth opportunities",CONCERN_CON_1084,"Negotiating Career Growth Opportunities",failure,CONCERN_CON_1084,36,false
"i need help with negotiating career growth opportunities",CONCERN_CON_1084,"Negotiating Career Growth Opportunities",failure,CONCERN_CON_1084,38,false
"i keep struggling with uncertainty about results",CONCERN_CON_113,"Uncertainty About Results",failure,CONCERN_CON_113,41,false
"i cannot manage uncertainty about results",CONCERN_CON_113,"Uncertainty About Results",failure,CONCERN_CON_113,32,false
"i keep struggling with feedback from teachers",CONCERN_CON_1693,"Feedback from Teachers",failure,CONCERN_CON_1693,31,false
"i cannot manage feedback from teachers",CONCERN_CON_1693,"Feedback from Teachers",failure,CONCERN_CON_1693,31,false
"i have trouble with confidence",CONCERN_CON_1735,"Confidence",failure,CONCERN_CON_1735,27,true
"i keep struggling with career confusion",CONCERN_CON_1736,"Career Confusion",failure,CONCERN_CON_1736,27,false
"i keep struggling with burnout symptoms",CONCERN_CON_1754,"Burnout Symptoms",failure,CONCERN_CON_1754,33,false
"i cannot manage burnout symptoms",CONCERN_CON_1754,"Burnout Symptoms",failure,CONCERN_CON_1754,33,false
"i need help with burnout symptoms",CONCERN_CON_1754,"Burnout Symptoms",failure,CONCERN_CON_1754,33,false
"i keep struggling with emotional shutdown",CONCERN_CON_1759,"Emotional Shutdown",failure,CONCERN_CON_1759,30,false
"i cannot manage emotional shutdown",CONCERN_CON_1759,"Emotional Shutdown",failure,CONCERN_CON_1759,30,false
"i need help with emotional shutdown",CONCERN_CON_1759,"Emotional Shutdown",failure,CONCERN_CON_1759,30,false
"i struggle with curiosity",CONCERN_CON_1795,"Curiosity",failure,CONCERN_CAR_256,37,true
"i have trouble with curiosity",CONCERN_CON_1795,"Curiosity",failure,CONCERN_CON_1795,31,true
"i cannot manage curiosity",CONCERN_CON_1795,"Curiosity",failure,CONCERN_COM_1801,25,true
"i need help with curiosity",CONCERN_CON_1795,"Curiosity",failure,CONCERN_CON_1777,28,true
"i keep struggling with learned helplessness",CONCERN_CON_1812,"Learned Helplessness",failure,CONCERN_CON_1812,40,false
"i cannot manage learned helplessness",CONCERN_CON_1812,"Learned Helplessness",failure,CONCERN_CON_1812,38,false
"i keep struggling with excessive self-criticism",CONCERN_CON_1843,"Excessive Self-Criticism",failure,CONCERN_CON_1843,44,false
"i cannot manage excessive self-criticism",CONCERN_CON_1843,"Excessive Self-Criticism",failure,CONCERN_CON_1843,39,false
"i need help with excessive self-criticism",CONCERN_CON_1843,"Excessive Self-Criticism",failure,CONCERN_CON_1843,44,false
"i keep struggling with listening skills",CONCERN_CON_1864,"Listening Skills",failure,CONCERN_CON_1864,31,false
"i cannot manage listening skills",CONCERN_CON_1864,"Listening Skills",failure,CONCERN_CON_1864,31,false
"i need help with listening skills",CONCERN_CON_1864,"Listening Skills",failure,CONCERN_CON_1864,31,false
"i need help with time management",CONCERN_CON_1942,"Time Management",failure,CONCERN_DIS_1659,31,false
"i keep struggling with competitive awareness",CONCERN_CON_2003,"Competitive Awareness",failure,CONCERN_CON_2003,43,false
"i cannot manage competitive awareness",CONCERN_CON_2003,"Competitive Awareness",failure,CONCERN_CON_2003,41,false
"i need help with competitive awareness",CONCERN_CON_2003,"Competitive Awareness",failure,CONCERN_CON_2003,38,false
"i keep struggling with interdisciplinary questions",CONCERN_CON_2039,"Interdisciplinary Questions",failure,CONCERN_CON_2039,37,false
"i cannot manage interdisciplinary questions",CONCERN_CON_2039,"Interdisciplinary Questions",failure,CONCERN_CON_2039,44,false
"i need help with interdisciplinary questions",CONCERN_CON_2039,"Interdisciplinary Questions",failure,CONCERN_CON_2039,35,false
"i keep struggling with awareness of workplace ethics and boundaries",CONCERN_CON_412,"Awareness of Workplace Ethics and Boundaries",failure,CONCERN_CON_412,37,false
"i cannot manage awareness of workplace ethics and boundaries",CONCERN_CON_412,"Awareness of Workplace Ethics and Boundaries",failure,CONCERN_CON_412,37,false
"i need help with awareness of workplace ethics and boundaries",CONCERN_CON_412,"Awareness of Workplace Ethics and Boundaries",failure,CONCERN_CON_412,37,false
"i have trouble with understanding professional boundaries",CONCERN_CON_439,"Understanding Professional Boundaries",failure,CONCERN_CON_439,27,false
"i cannot manage networking confidence for job opportunities",CONCERN_CON_472,"Networking Confidence for Job Opportunities",failure,CONCERN_CON_472,28,false
"i need help with networking confidence for job opportunities",CONCERN_CON_472,"Networking Confidence for Job Opportunities",failure,CONCERN_CON_472,28,false
"i keep struggling with awareness of emerging career opportunities",CONCERN_CON_516,"Awareness of Emerging Career Opportunities",failure,CONCERN_CON_516,31,false
"i cannot manage awareness of emerging career opportunities",CONCERN_CON_516,"Awareness of Emerging Career Opportunities",failure,CONCERN_CON_516,31,false
"i need help with awareness of emerging career opportunities",CONCERN_CON_516,"Awareness of Emerging Career Opportunities",failure,CONCERN_CON_516,31,false
"i keep struggling with awareness of corporate etiquette and boundaries",CONCERN_CON_674,"Awareness of Corporate Etiquette and Boundaries",failure,CONCERN_CON_674,39,false
"i cannot manage awareness of corporate etiquette and boundaries",CONCERN_CON_674,"Awareness of Corporate Etiquette and Boundaries",failure,CONCERN_CON_674,39,false
"i need help with awareness of corporate etiquette and boundaries",CONCERN_CON_674,"Awareness of Corporate Etiquette and Boundaries",failure,CONCERN_CON_674,39,false
"i keep struggling with transitioning into adulthood responsibilities",CONCERN_DIG_1434,"transitioning into adulthood responsibilities",failure,CONCERN_DIG_1434,44,false
"i cannot manage transitioning into adulthood responsibilities",CONCERN_DIG_1434,"transitioning into adulthood responsibilities",failure,CONCERN_DIG_1434,37,false
"i need help with transitioning into adulthood responsibilities",CONCERN_DIG_1434,"transitioning into adulthood responsibilities",failure,CONCERN_DIG_1434,42,false
"i need help with time management",CONCERN_DIS_1659,"Time Management",failure,CONCERN_DIS_1659,31,false
"i keep struggling with eating habits",CONCERN_DIS_1750,"Eating Habits",failure,CONCERN_DIS_1750,33,false
"i cannot manage eating habits",CONCERN_DIS_1750,"Eating Habits",failure,CONCERN_DIS_1750,33,false
"i need help with eating habits",CONCERN_DIS_1750,"Eating Habits",failure,CONCERN_DIS_1750,33,false
"i keep struggling with tuition dependency",CONCERN_DIS_1762,"Tuition Dependency",failure,CONCERN_DIS_1762,31,false
"i keep struggling with subject-wise strengths",CONCERN_DIS_178,"Subject-Wise Strengths",failure,CONCERN_DIS_178,45,false
"i cannot manage subject-wise strengths",CONCERN_DIS_178,"Subject-Wise Strengths",failure,CONCERN_DIS_178,45,false
"i need help with subject-wise strengths",CONCERN_DIS_178,"Subject-Wise Strengths",failure,CONCERN_DIS_178,45,false
"i struggle with self-discipline",CONCERN_DIS_1943,"Self-Discipline",failure,CONCERN_CAR_256,37,true
"i have trouble with self-discipline",CONCERN_DIS_1943,"Self-Discipline",failure,CONCERN_DIS_1943,34,true
"i keep struggling with self-discipline",CONCERN_DIS_1943,"Self-Discipline",failure,CONCERN_DIS_1943,28,true
"i need help with self-discipline",CONCERN_DIS_1943,"Self-Discipline",failure,CONCERN_DIS_1943,28,true
"i keep struggling with initiative in learning",CONCERN_DIS_1945,"Initiative in Learning",failure,CONCERN_ACA_1687,29,false
"i cannot manage initiative in learning",CONCERN_DIS_1945,"Initiative in Learning",failure,CONCERN_ACA_1687,29,false
"i keep struggling with balancing academic and co-curricular activities",CONCERN_DIS_1990,"Balancing Academic and Co-Curricular Activities",failure,CONCERN_DIS_1990,30,false
"i cannot manage balancing academic and co-curricular activities",CONCERN_DIS_1990,"Balancing Academic and Co-Curricular Activities",failure,CONCERN_DIS_1990,30,false
"i need help with balancing academic and co-curricular activities",CONCERN_DIS_1990,"Balancing Academic and Co-Curricular Activities",failure,CONCERN_DIS_1990,30,false
"i keep struggling with oral responses",CONCERN_DIS_1996,"Oral Responses",failure,CONCERN_DIS_1996,35,false
"i cannot manage oral responses",CONCERN_DIS_1996,"Oral Responses",failure,CONCERN_DIS_1996,35,false
"i need help with oral responses",CONCERN_DIS_1996,"Oral Responses",failure,CONCERN_DIS_1996,35,false
"i keep struggling with revision consistency",CONCERN_DIS_2406,"Revision Consistency",failure,CONCERN_DIS_2406,29,false
"i keep struggling with balancing academic and co-curricular activities",CONCERN_DIS_2478,"Balancing Academic and Co-Curricular Activities",failure,CONCERN_DIS_1990,30,false
"i cannot manage balancing academic and co-curricular activities",CONCERN_DIS_2478,"Balancing Academic and Co-Curricular Activities",failure,CONCERN_DIS_1990,30,false
"i need help with balancing academic and co-curricular activities",CONCERN_DIS_2478,"Balancing Academic and Co-Curricular Activities",failure,CONCERN_DIS_1990,30,false
"i keep struggling with oral responses",CONCERN_DIS_2484,"Oral Responses",failure,CONCERN_DIS_1996,35,false
"i cannot manage oral responses",CONCERN_DIS_2484,"Oral Responses",failure,CONCERN_DIS_1996,35,false
"i need help with oral responses",CONCERN_DIS_2484,"Oral Responses",failure,CONCERN_DIS_1996,35,false
"i keep struggling with joining competitive learning communities",CONCERN_DIS_306,"Joining Competitive Learning Communities",failure,CONCERN_DIS_306,33,false
"i cannot manage joining competitive learning communities",CONCERN_DIS_306,"Joining Competitive Learning Communities",failure,CONCERN_DIS_306,33,false
"i need help with joining competitive learning communities",CONCERN_DIS_306,"Joining Competitive Learning Communities",failure,CONCERN_DIS_306,33,false
"i keep struggling with technical interviews",CONCERN_DIS_48,"Technical Interviews",failure,CONCERN_DIS_48,32,false
"i need help with technical interviews",CONCERN_DIS_48,"Technical Interviews",failure,CONCERN_DIS_48,32,false
"i keep struggling with executive communication",CONCERN_EMO_1066,"Executive Communication",failure,CONCERN_EMO_1066,32,false
"i cannot manage executive communication",CONCERN_EMO_1066,"Executive Communication",failure,CONCERN_EMO_1066,32,false
"i need help with executive communication",CONCERN_EMO_1066,"Executive Communication",failure,CONCERN_EMO_1066,32,false
"i keep struggling with cross-functional collaboration",CONCERN_EMO_1074,"Cross-Functional Collaboration",failure,CONCERN_EMO_1074,34,false
"i cannot manage cross-functional collaboration",CONCERN_EMO_1074,"Cross-Functional Collaboration",failure,CONCERN_EMO_1074,34,false
"i need help with cross-functional collaboration",CONCERN_EMO_1074,"Cross-Functional Collaboration",failure,CONCERN_EMO_1074,34,false
"i keep struggling with initiative-taking behavior",CONCERN_EMO_1472,"initiative-taking behavior",failure,CONCERN_EMO_1472,42,false
"i cannot manage initiative-taking behavior",CONCERN_EMO_1472,"initiative-taking behavior",failure,CONCERN_EMO_1472,40,false
"i need help with initiative-taking behavior",CONCERN_EMO_1472,"initiative-taking behavior",failure,CONCERN_EMO_1472,48,false
"i struggle with awareness of industry-relevant competencies",CONCERN_EMO_274,"Awareness of Industry-Relevant Competencies",failure,CONCERN_EMO_274,32,false
"i have trouble with awareness of industry-relevant competencies",CONCERN_EMO_274,"Awareness of Industry-Relevant Competencies",failure,CONCERN_EMO_274,32,false
"i keep struggling with awareness of industry-relevant competencies",CONCERN_EMO_274,"Awareness of Industry-Relevant Competencies",failure,CONCERN_EMO_274,29,false
"i cannot manage awareness of industry-relevant competencies",CONCERN_EMO_274,"Awareness of Industry-Relevant Competencies",failure,CONCERN_EMO_274,29,false
"i need help with awareness of industry-relevant competencies",CONCERN_EMO_274,"Awareness of Industry-Relevant Competencies",failure,CONCERN_EMO_274,29,false
"i cannot manage group discussions",CONCERN_EMO_366,"Group Discussions",failure,CONCERN_EMO_366,31,false
"i need help with group discussions",CONCERN_EMO_366,"Group Discussions",failure,CONCERN_EMO_366,31,false
"i keep struggling with salary negotiation",CONCERN_EMO_376,"Salary Negotiation",failure,CONCERN_EMO_376,34,false
"i cannot manage salary negotiation",CONCERN_EMO_376,"Salary Negotiation",failure,CONCERN_EMO_376,34,false
"i need help with salary negotiation",CONCERN_EMO_376,"Salary Negotiation",failure,CONCERN_EMO_376,34,false
"i keep struggling with cross-functional collaboration",CONCERN_EMO_424,"Cross-Functional Collaboration",failure,CONCERN_EMO_1074,34,false
"i cannot manage cross-functional collaboration",CONCERN_EMO_424,"Cross-Functional Collaboration",failure,CONCERN_EMO_1074,34,false
"i need help with cross-functional collaboration",CONCERN_EMO_424,"Cross-Functional Collaboration",failure,CONCERN_EMO_1074,34,false
"i keep struggling with awareness of professional growth opportunities",CONCERN_EMO_436,"Awareness of Professional Growth Opportunities",failure,CONCERN_EMO_436,35,false
"i cannot manage awareness of professional growth opportunities",CONCERN_EMO_436,"Awareness of Professional Growth Opportunities",failure,CONCERN_EMO_436,33,false
"i need help with awareness of professional growth opportunities",CONCERN_EMO_436,"Awareness of Professional Growth Opportunities",failure,CONCERN_EMO_436,32,false
"i struggle with applying for international opportunities",CONCERN_EMO_524,"Applying for International Opportunities",failure,CONCERN_EMO_524,46,false
"i have trouble with applying for international opportunities",CONCERN_EMO_524,"Applying for International Opportunities",failure,CONCERN_EMO_524,50,false
"i keep struggling with applying for international opportunities",CONCERN_EMO_524,"Applying for International Opportunities",failure,CONCERN_EMO_524,46,false
"i cannot manage applying for international opportunities",CONCERN_EMO_524,"Applying for International Opportunities",failure,CONCERN_EMO_524,37,false
"i need help with applying for international opportunities",CONCERN_EMO_524,"Applying for International Opportunities",failure,CONCERN_EMO_524,45,false
"i struggle with prioritize competing responsibilities",CONCERN_EMO_564,"Prioritize Competing Responsibilities",failure,CONCERN_EMO_564,40,false
"i have trouble with prioritize competing responsibilities",CONCERN_EMO_564,"Prioritize Competing Responsibilities",failure,CONCERN_EMO_564,40,false
"i keep struggling with prioritize competing responsibilities",CONCERN_EMO_564,"Prioritize Competing Responsibilities",failure,CONCERN_EMO_564,34,false
"i cannot manage prioritize competing responsibilities",CONCERN_EMO_564,"Prioritize Competing Responsibilities",failure,CONCERN_EMO_564,36,false
"i struggle with work-life boundaries",CONCERN_EMO_605,"Work-Life Boundaries",failure,CONCERN_CAR_256,31,true
"i have trouble with work-life boundaries",CONCERN_EMO_605,"Work-Life Boundaries",failure,CONCERN_EMO_605,29,true
"i keep struggling with work-life boundaries",CONCERN_EMO_605,"Work-Life Boundaries",failure,CONCERN_EMO_605,26,false
"i cannot manage work-life boundaries",CONCERN_EMO_605,"Work-Life Boundaries",failure,CONCERN_EMO_605,26,false
"i need help with work-life boundaries",CONCERN_EMO_605,"Work-Life Boundaries",failure,CONCERN_EMO_605,26,false
"i struggle with negotiating workload boundaries",CONCERN_EMO_714,"Negotiating Workload Boundaries",failure,CONCERN_EMO_714,46,false
"i have trouble with negotiating workload boundaries",CONCERN_EMO_714,"Negotiating Workload Boundaries",failure,CONCERN_EMO_714,47,false
"i keep struggling with negotiating workload boundaries",CONCERN_EMO_714,"Negotiating Workload Boundaries",failure,CONCERN_EMO_714,43,false
"i cannot manage negotiating workload boundaries",CONCERN_EMO_714,"Negotiating Workload Boundaries",failure,CONCERN_EMO_714,43,false
"i need help with negotiating workload boundaries",CONCERN_EMO_714,"Negotiating Workload Boundaries",failure,CONCERN_EMO_714,43,false
"i keep struggling with cross-team collaboration",CONCERN_EMO_734,"Cross-Team Collaboration",failure,CONCERN_EMO_734,43,false
"i cannot manage cross-team collaboration",CONCERN_EMO_734,"Cross-Team Collaboration",failure,CONCERN_EMO_734,42,false
"i need help with cross-team collaboration",CONCERN_EMO_734,"Cross-Team Collaboration",failure,CONCERN_EMO_734,49,false
"i keep struggling with delegate strategically",CONCERN_EMO_764,"Delegate Strategically",failure,CONCERN_EMO_764,41,false
"i need help with delegate strategically",CONCERN_EMO_764,"Delegate Strategically",failure,CONCERN_EMO_764,46,false
"i struggle with handling enterprise-wide responsibilities",CONCERN_EMO_824,"Handling Enterprise-Wide Responsibilities",failure,CONCERN_EMO_824,35,false
"i have trouble with handling enterprise-wide responsibilities",CONCERN_EMO_824,"Handling Enterprise-Wide Responsibilities",failure,CONCERN_EMO_824,39,false
"i keep struggling with handling enterprise-wide responsibilities",CONCERN_EMO_824,"Handling Enterprise-Wide Responsibilities",failure,CONCERN_EMO_824,32,false
"i cannot manage handling enterprise-wide responsibilities",CONCERN_EMO_824,"Handling Enterprise-Wide Responsibilities",failure,CONCERN_EMO_824,29,false
"i need help with handling enterprise-wide responsibilities",CONCERN_EMO_824,"Handling Enterprise-Wide Responsibilities",failure,CONCERN_EMO_824,30,false
"i keep struggling with navigating new industry hierarchies",CONCERN_EMO_984,"Navigating New Industry Hierarchies",failure,CONCERN_EMO_984,35,false
"i cannot manage navigating new industry hierarchies",CONCERN_EMO_984,"Navigating New Industry Hierarchies",failure,CONCERN_EMO_984,38,false
"i need help with navigating new industry hierarchies",CONCERN_EMO_984,"Navigating New Industry Hierarchies",failure,CONCERN_EMO_984,32,false
"i keep struggling with choosing between higher studies and employment",CONCERN_EMP_255,"Choosing Between Higher Studies and Employment",failure,CONCERN_EMP_255,35,false
"i cannot manage choosing between higher studies and employment",CONCERN_EMP_255,"Choosing Between Higher Studies and Employment",failure,CONCERN_EMP_255,42,false
"i need help with choosing between higher studies and employment",CONCERN_EMP_255,"Choosing Between Higher Studies and Employment",failure,CONCERN_EMP_255,42,false
"i keep struggling with prioritize career opportunities strategically",CONCERN_EMP_398,"Prioritize Career Opportunities Strategically",failure,CONCERN_EMP_398,33,false
"i cannot manage prioritize career opportunities strategically",CONCERN_EMP_398,"Prioritize Career Opportunities Strategically",failure,CONCERN_EMP_398,36,false
"i need help with prioritize career opportunities strategically",CONCERN_EMP_398,"Prioritize Career Opportunities Strategically",failure,CONCERN_EMP_398,41,false
"i keep struggling with job interviews",CONCERN_EMP_462,"Job Interviews",failure,CONCERN_EMP_462,31,false
"i keep struggling with classroom participation",CONCERN_EXA_1668,"Classroom Participation",failure,CONCERN_COM_1955,32,false
"i cannot manage classroom participation",CONCERN_EXA_1668,"Classroom Participation",failure,CONCERN_COM_1955,32,false
"i need help with classroom participation",CONCERN_EXA_1668,"Classroom Participation",failure,CONCERN_COM_1955,32,false
"i keep struggling with presentation skills",CONCERN_EXA_1683,"Presentation Skills",failure,CONCERN_COM_1954,29,false
"i cannot manage presentation skills",CONCERN_EXA_1683,"Presentation Skills",failure,CONCERN_COM_1954,29,false
"i keep struggling with academic endurance",CONCERN_EXA_1715,"Academic Endurance",failure,CONCERN_EXA_1715,31,false
"i cannot manage academic endurance",CONCERN_EXA_1715,"Academic Endurance",failure,CONCERN_EXA_1715,31,false
"i need help with academic endurance",CONCERN_EXA_1715,"Academic Endurance",failure,CONCERN_EXA_1715,31,false
"i keep struggling with screen addiction",CONCERN_EXA_1732,"Screen Addiction",failure,CONCERN_EXA_1732,35,false
"i cannot manage screen addiction",CONCERN_EXA_1732,"Screen Addiction",failure,CONCERN_EXA_1732,35,false
"i need help with screen addiction",CONCERN_EXA_1732,"Screen Addiction",failure,CONCERN_EXA_1732,35,false
"i struggle with motivation",CONCERN_EXA_1743,"Motivation",failure,CONCERN_CAR_256,37,true
"i have trouble with motivation",CONCERN_EXA_1743,"Motivation",failure,CONCERN_EXA_1743,30,true
"i keep struggling with anger & irritability",CONCERN_EXA_1747,"Anger & Irritability",failure,CONCERN_EXA_1747,51,false
"i cannot manage anger & irritability",CONCERN_EXA_1747,"Anger & Irritability",failure,CONCERN_EXA_1747,51,false
"i need help with anger & irritability",CONCERN_EXA_1747,"Anger & Irritability",failure,CONCERN_EXA_1747,51,false
"i keep struggling with social isolation",CONCERN_EXA_1748,"Social Isolation",failure,CONCERN_EXA_1748,29,false
"i cannot manage social isolation",CONCERN_EXA_1748,"Social Isolation",failure,CONCERN_EXA_1748,29,false
"i struggle with resilience",CONCERN_EXA_1755,"Resilience",failure,CONCERN_CAR_256,37,true
"i have trouble with resilience",CONCERN_EXA_1755,"Resilience",failure,CONCERN_EXA_1755,32,true
"i keep struggling with resilience",CONCERN_EXA_1755,"Resilience",failure,CONCERN_EXA_1755,26,true
"i need help with resilience",CONCERN_EXA_1755,"Resilience",failure,CONCERN_CON_1777,28,true
"i keep struggling with purpose & direction",CONCERN_EXA_1760,"Purpose & Direction",failure,CONCERN_EXA_1760,32,false
"i cannot manage purpose & direction",CONCERN_EXA_1760,"Purpose & Direction",failure,CONCERN_EXA_1760,32,false
"i keep struggling with study burnout",CONCERN_EXA_1764,"Study Burnout",failure,CONCERN_EXA_1764,29,false
"i keep struggling with fear of judgement",CONCERN_EXA_1781,"Fear of Judgement",failure,CONCERN_EXA_1781,30,false
"i cannot manage fear of judgement",CONCERN_EXA_1781,"Fear of Judgement",failure,CONCERN_EXA_1781,30,false
"i cannot manage group discussions",CONCERN_EXA_18,"Group Discussions",failure,CONCERN_EMO_366,31,false
"i need help with group discussions",CONCERN_EXA_18,"Group Discussions",failure,CONCERN_EMO_366,31,false
"i keep struggling with emotional over-sensitivity",CONCERN_EXA_1803,"Emotional Over-Sensitivity",failure,CONCERN_EXA_1803,42,false
"i cannot manage emotional over-sensitivity",CONCERN_EXA_1803,"Emotional Over-Sensitivity",failure,CONCERN_EXA_1803,40,false
"i need help with emotional over-sensitivity",CONCERN_EXA_1803,"Emotional Over-Sensitivity",failure,CONCERN_EXA_1803,38,false
"i struggle with purpose",CONCERN_EXA_1821,"Purpose",failure,CONCERN_CAR_256,37,true
"i have trouble with purpose",CONCERN_EXA_1821,"Purpose",failure,CONCERN_EXA_1821,33,true
"i keep struggling with purpose",CONCERN_EXA_1821,"Purpose",failure,CONCERN_EXA_1821,27,true
"i cannot manage purpose",CONCERN_EXA_1821,"Purpose",failure,CONCERN_EXA_1821,27,true
"i keep struggling with constant overthinking",CONCERN_EXA_1824,"Constant Overthinking",failure,CONCERN_EXA_1824,32,false
"i cannot manage constant overthinking",CONCERN_EXA_1824,"Constant Overthinking",failure,CONCERN_EXA_1824,32,false
"i need help with constant overthinking",CONCERN_EXA_1824,"Constant Overthinking",failure,CONCERN_EXA_1824,32,false
"i keep struggling with emotional exhaustion",CONCERN_EXA_1825,"Emotional Exhaustion",failure,CONCERN_EXA_1825,27,false
"i struggle with self-awareness",CONCERN_EXA_1826,"Self-Awareness",failure,CONCERN_CAR_256,37,true
"i have trouble with self-awareness",CONCERN_EXA_1826,"Self-Awareness",failure,CONCERN_EXA_1826,34,true
"i keep struggling with self-awareness",CONCERN_EXA_1826,"Self-Awareness",failure,CONCERN_EXA_1826,28,true
"i cannot manage self-awareness",CONCERN_EXA_1826,"Self-Awareness",failure,CONCERN_EXA_1826,28,true
"i need help with self-awareness",CONCERN_EXA_1826,"Self-Awareness",failure,CONCERN_EXA_1826,28,true
"i struggle with gratitude",CONCERN_EXA_1856,"Gratitude",failure,CONCERN_EXA_1856,40,true
"i have trouble with gratitude",CONCERN_EXA_1856,"Gratitude",failure,CONCERN_EXA_1856,64,true
"i keep struggling with gratitude",CONCERN_EXA_1856,"Gratitude",failure,CONCERN_EXA_1856,44,true
"i cannot manage gratitude",CONCERN_EXA_1856,"Gratitude",failure,CONCERN_EXA_1856,41,true
"i need help with gratitude",CONCERN_EXA_1856,"Gratitude",failure,CONCERN_EXA_1856,38,true
"i keep struggling with goal orientation",CONCERN_EXA_1962,"Goal Orientation",failure,CONCERN_EXA_1962,32,false
"i cannot manage goal orientation",CONCERN_EXA_1962,"Goal Orientation",failure,CONCERN_EXA_1962,32,false
"i need help with goal orientation",CONCERN_EXA_1962,"Goal Orientation",failure,CONCERN_EXA_1962,32,false
"i keep struggling with multiple subjects",CONCERN_EXA_1972,"Multiple Subjects",failure,CONCERN_COM_1684,30,false
"i need help with multiple subjects",CONCERN_EXA_1972,"Multiple Subjects",failure,CONCERN_COM_1684,30,false
"i keep struggling with fast-paced teaching",CONCERN_EXA_1988,"Fast-Paced Teaching",failure,CONCERN_EXA_1988,34,false
"i cannot manage fast-paced teaching",CONCERN_EXA_1988,"Fast-Paced Teaching",failure,CONCERN_EXA_1988,34,false
"i need help with fast-paced teaching",CONCERN_EXA_1988,"Fast-Paced Teaching",failure,CONCERN_EXA_1988,34,false
"i struggle with understanding abstract theories",CONCERN_EXA_2015,"Understanding Abstract Theories",failure,CONCERN_EXA_2015,32,false
"i have trouble with understanding abstract theories",CONCERN_EXA_2015,"Understanding Abstract Theories",failure,CONCERN_EXA_2015,32,false
"i keep struggling with understanding abstract theories",CONCERN_EXA_2015,"Understanding Abstract Theories",failure,CONCERN_EXA_2015,28,false
"i cannot manage understanding abstract theories",CONCERN_EXA_2015,"Understanding Abstract Theories",failure,CONCERN_EXA_2015,28,false
"i need help with understanding abstract theories",CONCERN_EXA_2015,"Understanding Abstract Theories",failure,CONCERN_EXA_2015,28,false
"i keep struggling with self-correction ability",CONCERN_EXA_2018,"Self-Correction Ability",failure,CONCERN_EXA_2018,30,false
"i cannot manage self-correction ability",CONCERN_EXA_2018,"Self-Correction Ability",failure,CONCERN_EXA_2018,30,false
"i need help with self-correction ability",CONCERN_EXA_2018,"Self-Correction Ability",failure,CONCERN_EXA_2018,30,false
"i keep struggling with learning accountability",CONCERN_EXA_2098,"Learning Accountability",failure,CONCERN_EXA_2098,27,false
"i keep struggling with fast-paced teaching",CONCERN_EXA_2476,"Fast-Paced Teaching",failure,CONCERN_EXA_1988,34,false
"i cannot manage fast-paced teaching",CONCERN_EXA_2476,"Fast-Paced Teaching",failure,CONCERN_EXA_1988,34,false
"i need help with fast-paced teaching",CONCERN_EXA_2476,"Fast-Paced Teaching",failure,CONCERN_EXA_1988,34,false
"i keep struggling with internship workloads",CONCERN_EXA_371,"Internship Workloads",failure,CONCERN_EXA_371,45,false
"i cannot manage internship workloads",CONCERN_EXA_371,"Internship Workloads",failure,CONCERN_EXA_371,45,false
"i need help with internship workloads",CONCERN_EXA_371,"Internship Workloads",failure,CONCERN_EXA_371,45,false
"i keep struggling with cross-cultural communication",CONCERN_EXA_90,"Cross-Cultural Communication",failure,CONCERN_EXA_90,33,false
"i cannot manage cross-cultural communication",CONCERN_EXA_90,"Cross-Cultural Communication",failure,CONCERN_EXA_90,33,false
"i need help with cross-cultural communication",CONCERN_EXA_90,"Cross-Cultural Communication",failure,CONCERN_EXA_90,33,false
"i struggle with collaboration in group activities",CONCERN_FEE_1450,"collaboration in group activities",failure,CONCERN_FEE_1450,30,false
"i have trouble with collaboration in group activities",CONCERN_FEE_1450,"collaboration in group activities",failure,CONCERN_FEE_1450,30,false
"i need help with collaboration in group activities",CONCERN_FEE_1450,"collaboration in group activities",failure,CONCERN_FEE_1450,27,false
"i cannot manage problem-solving ability",CONCERN_FOU_1933,"Problem-Solving Ability",failure,CONCERN_FOU_1933,28,false
"i keep struggling with criticism and feedback",CONCERN_FUT_1424,"criticism and feedback",failure,CONCERN_FUT_1424,32,false
"i need help with criticism and feedback",CONCERN_FUT_1424,"criticism and feedback",failure,CONCERN_FUT_1424,32,false
"i keep struggling with overestimating abilities without evidence",CONCERN_GRO_1539,"Overestimating abilities without evidence",failure,CONCERN_GRO_1539,44,false
"i cannot manage overestimating abilities without evidence",CONCERN_GRO_1539,"Overestimating abilities without evidence",failure,CONCERN_GRO_1539,44,false
"i need help with overestimating abilities without evidence",CONCERN_GRO_1539,"Overestimating abilities without evidence",failure,CONCERN_GRO_1539,42,false
"i keep struggling with learning persistence",CONCERN_HOL_2479,"Learning Persistence",failure,CONCERN_ADJ_1991,29,false
"i cannot manage learning persistence",CONCERN_HOL_2479,"Learning Persistence",failure,CONCERN_ADJ_1991,29,false
"i keep struggling with curiosity about self-growth",CONCERN_IDE_1508,"curiosity about self-growth",failure,CONCERN_IDE_1508,34,false
"i cannot manage curiosity about self-growth",CONCERN_IDE_1508,"curiosity about self-growth",failure,CONCERN_IDE_1508,34,false
"i need help with curiosity about self-growth",CONCERN_IDE_1508,"curiosity about self-growth",failure,CONCERN_IDE_1508,34,false
"i keep struggling with teacher adaptability to new pedagogies",CONCERN_LEA_1209,"Teacher Adaptability to New Pedagogies",failure,CONCERN_LEA_1209,30,false
"i cannot manage teacher adaptability to new pedagogies",CONCERN_LEA_1209,"Teacher Adaptability to New Pedagogies",failure,CONCERN_LEA_1209,30,false
"i keep struggling with curiosity-driven self-learning",CONCERN_LEA_1603,"curiosity-driven self-learning",failure,CONCERN_LEA_1603,47,false
"i cannot manage curiosity-driven self-learning",CONCERN_LEA_1603,"curiosity-driven self-learning",failure,CONCERN_LEA_1603,47,false
"i need help with curiosity-driven self-learning",CONCERN_LEA_1603,"curiosity-driven self-learning",failure,CONCERN_LEA_1603,47,false
"i keep struggling with retaining formulae",CONCERN_LEA_1725,"Retaining Formulae",failure,CONCERN_LEA_1725,51,false
"i cannot manage retaining formulae",CONCERN_LEA_1725,"Retaining Formulae",failure,CONCERN_LEA_1725,51,false
"i need help with retaining formulae",CONCERN_LEA_1725,"Retaining Formulae",failure,CONCERN_LEA_1725,51,false
"i keep struggling with intellectual confidence",CONCERN_LEA_2091,"Intellectual Confidence",failure,CONCERN_LEA_2091,37,false
"i cannot manage intellectual confidence",CONCERN_LEA_2091,"Intellectual Confidence",failure,CONCERN_LEA_2091,37,false
"i need help with intellectual confidence",CONCERN_LEA_2091,"Intellectual Confidence",failure,CONCERN_LEA_2091,36,false
"i keep struggling with continuous assessments",CONCERN_LEA_2111,"Continuous Assessments",failure,CONCERN_LEA_2111,31,false
"i have trouble with handling strategic responsibilities",CONCERN_LIF_1078,"Handling Strategic Responsibilities",failure,CONCERN_COL_610,29,false
"i struggle with handling unstructured responsibilities",CONCERN_LIF_1104,"Handling Unstructured Responsibilities",failure,CONCERN_LIF_1104,37,false
"i have trouble with handling unstructured responsibilities",CONCERN_LIF_1104,"Handling Unstructured Responsibilities",failure,CONCERN_LIF_1104,39,false
"i keep struggling with handling unstructured responsibilities",CONCERN_LIF_1104,"Handling Unstructured Responsibilities",failure,CONCERN_LIF_1104,33,false
"i cannot manage handling unstructured responsibilities",CONCERN_LIF_1104,"Handling Unstructured Responsibilities",failure,CONCERN_LIF_1104,31,false
"i need help with handling unstructured responsibilities",CONCERN_LIF_1104,"Handling Unstructured Responsibilities",failure,CONCERN_LIF_1104,32,false
"i keep struggling with curiosity-driven engagement",CONCERN_LIF_1454,"curiosity-driven engagement",failure,CONCERN_LIF_1454,43,false
"i cannot manage curiosity-driven engagement",CONCERN_LIF_1454,"curiosity-driven engagement",failure,CONCERN_LIF_1454,38,false
"i need help with curiosity-driven engagement",CONCERN_LIF_1454,"curiosity-driven engagement",failure,CONCERN_LIF_1454,38,false
"i keep struggling with focus & attention",CONCERN_LIF_1733,"Focus & Attention",failure,CONCERN_LIF_1733,31,false
"i keep struggling with gaming addiction",CONCERN_LIF_1738,"Gaming Addiction",failure,CONCERN_LIF_1738,36,false
"i cannot manage gaming addiction",CONCERN_LIF_1738,"Gaming Addiction",failure,CONCERN_LIF_1738,36,false
"i need help with gaming addiction",CONCERN_LIF_1738,"Gaming Addiction",failure,CONCERN_LIF_1738,36,false
"i keep struggling with emotional withdrawal",CONCERN_LIF_1740,"Emotional Withdrawal",failure,CONCERN_LIF_1740,29,false
"i cannot manage emotional withdrawal",CONCERN_LIF_1740,"Emotional Withdrawal",failure,CONCERN_LIF_1740,29,false
"i need help with emotional withdrawal",CONCERN_LIF_1740,"Emotional Withdrawal",failure,CONCERN_LIF_1740,29,false
"i keep struggling with handle boredom",CONCERN_LIF_1778,"Handle Boredom",failure,CONCERN_LIF_1778,41,false
"i cannot manage handle boredom",CONCERN_LIF_1778,"Handle Boredom",failure,CONCERN_LIF_1778,44,false
"i need help with handle boredom",CONCERN_LIF_1778,"Handle Boredom",failure,CONCERN_LIF_1778,39,false
"i keep struggling with eye contact",CONCERN_LIF_1785,"Eye Contact",failure,CONCERN_LIF_1785,51,false
"i cannot manage eye contact",CONCERN_LIF_1785,"Eye Contact",failure,CONCERN_LIF_1785,51,false
"i need help with eye contact",CONCERN_LIF_1785,"Eye Contact",failure,CONCERN_LIF_1785,51,false
"i keep struggling with child losing interest in studies",CONCERN_LIF_1792,"Child Losing Interest in Studies",failure,CONCERN_LIF_1792,30,false
"i cannot manage child losing interest in studies",CONCERN_LIF_1792,"Child Losing Interest in Studies",failure,CONCERN_LIF_1792,30,false
"i need help with child losing interest in studies",CONCERN_LIF_1792,"Child Losing Interest in Studies",failure,CONCERN_LIF_1792,30,false
"i keep struggling with outdoor play",CONCERN_LIF_1839,"Outdoor Play",failure,CONCERN_LIF_1839,57,false
"i cannot manage outdoor play",CONCERN_LIF_1839,"Outdoor Play",failure,CONCERN_LIF_1839,55,false
"i need help with outdoor play",CONCERN_LIF_1839,"Outdoor Play",failure,CONCERN_LIF_1839,54,false
"i keep struggling with stress tolerance",CONCERN_LIF_1840,"Stress Tolerance",failure,CONCERN_LIF_1840,34,false
"i cannot manage stress tolerance",CONCERN_LIF_1840,"Stress Tolerance",failure,CONCERN_LIF_1840,34,false
"i need help with stress tolerance",CONCERN_LIF_1840,"Stress Tolerance",failure,CONCERN_LIF_1840,34,false
"i keep struggling with disconnect from notifications",CONCERN_LIF_1851,"Disconnect from Notifications",failure,CONCERN_LIF_1851,45,false
"i cannot manage disconnect from notifications",CONCERN_LIF_1851,"Disconnect from Notifications",failure,CONCERN_LIF_1851,45,false
"i need help with disconnect from notifications",CONCERN_LIF_1851,"Disconnect from Notifications",failure,CONCERN_LIF_1851,45,false
"i keep struggling with sleep anxiety",CONCERN_LIF_1852,"Sleep Anxiety",failure,CONCERN_LIF_1852,40,false
"i keep struggling with child refusing offline activities",CONCERN_LIF_1904,"Child Refusing Offline Activities",failure,CONCERN_LIF_1904,50,false
"i cannot manage child refusing offline activities",CONCERN_LIF_1904,"Child Refusing Offline Activities",failure,CONCERN_LIF_1904,50,false
"i need help with child refusing offline activities",CONCERN_LIF_1904,"Child Refusing Offline Activities",failure,CONCERN_LIF_1904,43,false
"i keep struggling with placement interviews",CONCERN_LIF_30,"Placement Interviews",failure,CONCERN_CAR_362,31,false
"i struggle with awareness of meta-learning strategies",CONCERN_LIF_346,"Awareness of Meta-Learning Strategies",failure,CONCERN_LIF_346,40,false
"i have trouble with awareness of meta-learning strategies",CONCERN_LIF_346,"Awareness of Meta-Learning Strategies",failure,CONCERN_LIF_346,40,false
"i keep struggling with awareness of meta-learning strategies",CONCERN_LIF_346,"Awareness of Meta-Learning Strategies",failure,CONCERN_LIF_346,36,false
"i cannot manage awareness of meta-learning strategies",CONCERN_LIF_346,"Awareness of Meta-Learning Strategies",failure,CONCERN_LIF_346,36,false
"i need help with awareness of meta-learning strategies",CONCERN_LIF_346,"Awareness of Meta-Learning Strategies",failure,CONCERN_LIF_346,36,false
"i struggle with awareness of industry-relevant competencies",CONCERN_LIF_372,"Awareness of Industry-Relevant Competencies",failure,CONCERN_EMO_274,32,false
"i have trouble with awareness of industry-relevant competencies",CONCERN_LIF_372,"Awareness of Industry-Relevant Competencies",failure,CONCERN_EMO_274,32,false
"i keep struggling with awareness of industry-relevant competencies",CONCERN_LIF_372,"Awareness of Industry-Relevant Competencies",failure,CONCERN_EMO_274,29,false
"i cannot manage awareness of industry-relevant competencies",CONCERN_LIF_372,"Awareness of Industry-Relevant Competencies",failure,CONCERN_EMO_274,29,false
"i need help with awareness of industry-relevant competencies",CONCERN_LIF_372,"Awareness of Industry-Relevant Competencies",failure,CONCERN_EMO_274,29,false
"i keep struggling with build emotional boundaries in professional relationships",CONCERN_MOT_1118,"Build Emotional Boundaries in Professional Relationships",failure,CONCERN_MOT_1118,26,false
"i keep struggling with prioritizing tasks",CONCERN_MOT_1679,"Prioritizing Tasks",failure,CONCERN_MOT_1679,32,false
"i cannot manage prioritizing tasks",CONCERN_MOT_1679,"Prioritizing Tasks",failure,CONCERN_MOT_1679,32,false
"i need help with prioritizing tasks",CONCERN_MOT_1679,"Prioritizing Tasks",failure,CONCERN_MOT_1679,32,false
"i struggle with procrastination",CONCERN_MOT_1744,"Procrastination",failure,CONCERN_CAR_256,37,true
"i have trouble with procrastination",CONCERN_MOT_1744,"Procrastination",failure,CONCERN_MOT_1744,35,true
"i keep struggling with procrastination",CONCERN_MOT_1744,"Procrastination",failure,CONCERN_MOT_1744,29,true
"i cannot manage procrastination",CONCERN_MOT_1744,"Procrastination",failure,CONCERN_MOT_1744,29,true
"i need help with procrastination",CONCERN_MOT_1744,"Procrastination",failure,CONCERN_MOT_1744,29,true
"i keep struggling with general knowledge",CONCERN_MOT_1796,"General Knowledge",failure,CONCERN_MOT_1796,47,false
"i cannot manage general knowledge",CONCERN_MOT_1796,"General Knowledge",failure,CONCERN_MOT_1796,47,false
"i need help with general knowledge",CONCERN_MOT_1796,"General Knowledge",failure,CONCERN_MOT_1796,47,false
"i keep struggling with hyper-competitive mindset",CONCERN_MOT_1828,"Hyper-Competitive Mindset",failure,CONCERN_MOT_1828,45,false
"i cannot manage hyper-competitive mindset",CONCERN_MOT_1828,"Hyper-Competitive Mindset",failure,CONCERN_MOT_1828,45,false
"i need help with hyper-competitive mindset",CONCERN_MOT_1828,"Hyper-Competitive Mindset",failure,CONCERN_MOT_1828,45,false
"i struggle with fear of missing opportunities",CONCERN_MOT_1855,"Fear of Missing Opportunities",failure,CONCERN_MOT_1855,29,false
"i have trouble with fear of missing opportunities",CONCERN_MOT_1855,"Fear of Missing Opportunities",failure,CONCERN_MOT_1855,29,false
"i keep struggling with fear of missing opportunities",CONCERN_MOT_1855,"Fear of Missing Opportunities",failure,CONCERN_MOT_1855,26,false
"i need help with fear of missing opportunities",CONCERN_MOT_1855,"Fear of Missing Opportunities",failure,CONCERN_MOT_1855,26,false
"i keep struggling with moral judgment",CONCERN_MOT_1857,"Moral Judgment",failure,CONCERN_MOT_1857,43,false
"i cannot manage moral judgment",CONCERN_MOT_1857,"Moral Judgment",failure,CONCERN_MOT_1857,47,false
"i need help with moral judgment",CONCERN_MOT_1857,"Moral Judgment",failure,CONCERN_MOT_1857,41,false
"i have trouble with emotional boundaries online",CONCERN_MOT_1874,"Emotional Boundaries Online",failure,CONCERN_MOT_1874,27,false
"i cannot manage emotional boundaries online",CONCERN_MOT_1874,"Emotional Boundaries Online",failure,CONCERN_MOT_1874,23,false
"i keep struggling with curiosity & exploration",CONCERN_MOT_1946,"Curiosity & Exploration",failure,CONCERN_MOT_1946,31,false
"i cannot manage curiosity & exploration",CONCERN_MOT_1946,"Curiosity & Exploration",failure,CONCERN_MOT_1946,31,false
"i need help with curiosity & exploration",CONCERN_MOT_1946,"Curiosity & Exploration",failure,CONCERN_MOT_1946,31,false
"i keep struggling with reading comprehension",CONCERN_MOT_1947,"Reading Comprehension",failure,CONCERN_COM_1656,34,false
"i cannot manage reading comprehension",CONCERN_MOT_1947,"Reading Comprehension",failure,CONCERN_COM_1656,34,false
"i need help with reading comprehension",CONCERN_MOT_1947,"Reading Comprehension",failure,CONCERN_COM_1656,34,false
"i keep struggling with academic persistence",CONCERN_MOT_1963,"Academic Persistence",failure,CONCERN_MOT_1963,28,false
"i cannot manage academic persistence",CONCERN_MOT_1963,"Academic Persistence",failure,CONCERN_MOT_1963,28,false
"i need help with academic persistence",CONCERN_MOT_1963,"Academic Persistence",failure,CONCERN_MOT_1963,28,false
"i have trouble with setting academic priorities",CONCERN_MOT_1993,"Setting Academic Priorities",failure,CONCERN_MOT_1993,28,false
"i keep struggling with setting academic priorities",CONCERN_MOT_1993,"Setting Academic Priorities",failure,CONCERN_MOT_1993,25,false
"i cannot manage setting academic priorities",CONCERN_MOT_1993,"Setting Academic Priorities",failure,CONCERN_MOT_1993,25,false
"i need help with setting academic priorities",CONCERN_MOT_1993,"Setting Academic Priorities",failure,CONCERN_MOT_1993,25,false
"i keep struggling with open-ended questions",CONCERN_MOT_2041,"Open-Ended Questions",failure,CONCERN_MOT_2041,41,false
"i cannot manage open-ended questions",CONCERN_MOT_2041,"Open-Ended Questions",failure,CONCERN_MOT_2041,44,false
"i need help with open-ended questions",CONCERN_MOT_2041,"Open-Ended Questions",failure,CONCERN_MOT_2041,39,false
"i keep struggling with academic momentum",CONCERN_MOT_2099,"Academic Momentum",failure,CONCERN_MOT_2099,28,false
"i cannot manage academic momentum",CONCERN_MOT_2099,"Academic Momentum",failure,CONCERN_MOT_2099,28,false
"i keep struggling with match interests with career opportunities",CONCERN_MOT_214,"Match Interests with Career Opportunities",failure,CONCERN_MOT_214,39,false
"i cannot manage match interests with career opportunities",CONCERN_MOT_214,"Match Interests with Career Opportunities",failure,CONCERN_MOT_214,38,false
"i need help with match interests with career opportunities",CONCERN_MOT_214,"Match Interests with Career Opportunities",failure,CONCERN_MOT_214,39,false
"i have trouble with setting academic priorities",CONCERN_MOT_2481,"Setting Academic Priorities",failure,CONCERN_MOT_1993,28,false
"i keep struggling with setting academic priorities",CONCERN_MOT_2481,"Setting Academic Priorities",failure,CONCERN_MOT_1993,25,false
"i cannot manage setting academic priorities",CONCERN_MOT_2481,"Setting Academic Priorities",failure,CONCERN_MOT_1993,25,false
"i need help with setting academic priorities",CONCERN_MOT_2481,"Setting Academic Priorities",failure,CONCERN_MOT_1993,25,false
"i keep struggling with classroom participation",CONCERN_PAR_1363,"classroom participation",failure,CONCERN_COM_1955,32,false
"i cannot manage classroom participation",CONCERN_PAR_1363,"classroom participation",failure,CONCERN_COM_1955,32,false
"i need help with classroom participation",CONCERN_PAR_1363,"classroom participation",failure,CONCERN_COM_1955,32,false
"i keep struggling with self-discipline and accountability",CONCERN_PUR_1522,"self-discipline and accountability",failure,CONCERN_PUR_1522,43,false
"i need help with self-discipline and accountability",CONCERN_PUR_1522,"self-discipline and accountability",failure,CONCERN_PUR_1522,43,false
"i keep struggling with uncertainty about balancing work-life priorities",CONCERN_PUR_1585,"Uncertainty about balancing work-life priorities",failure,CONCERN_PUR_1585,38,false
"i cannot manage uncertainty about balancing work-life priorities",CONCERN_PUR_1585,"Uncertainty about balancing work-life priorities",failure,CONCERN_PUR_1585,38,false
"i need help with uncertainty about balancing work-life priorities",CONCERN_PUR_1585,"Uncertainty about balancing work-life priorities",failure,CONCERN_PUR_1585,38,false
"i keep struggling with academic focus",CONCERN_PUR_1647,"Academic Focus",failure,CONCERN_ACA_1931,29,false
"i keep struggling with curiosity about self-development",CONCERN_REC_1550,"curiosity about self-development",failure,CONCERN_REC_1550,40,false
"i cannot manage curiosity about self-development",CONCERN_REC_1550,"curiosity about self-development",failure,CONCERN_REC_1550,44,false
"i need help with curiosity about self-development",CONCERN_REC_1550,"curiosity about self-development",failure,CONCERN_REC_1550,44,false
"i struggle with distractions",CONCERN_SEL_1416,"distractions",failure,CONCERN_CAR_256,37,true
"i have trouble with distractions",CONCERN_SEL_1416,"distractions",failure,CONCERN_SEL_1416,32,true
"i keep struggling with distractions",CONCERN_SEL_1416,"distractions",failure,CONCERN_SEL_1416,26,true
"i need help with distractions",CONCERN_SEL_1416,"distractions",failure,CONCERN_CON_1777,28,true
"i keep struggling with underestimating capabilities due to comparison",CONCERN_SEL_1540,"Underestimating capabilities due to comparison",failure,CONCERN_SEL_1540,36,false
"i cannot manage underestimating capabilities due to comparison",CONCERN_SEL_1540,"Underestimating capabilities due to comparison",failure,CONCERN_SEL_1540,34,false
"i need help with underestimating capabilities due to comparison",CONCERN_SEL_1540,"Underestimating capabilities due to comparison",failure,CONCERN_SEL_1540,36,false
"i keep struggling with consistency in attendance",CONCERN_SEL_1984,"Consistency in Attendance",failure,CONCERN_SEL_1984,31,false
"i cannot manage consistency in attendance",CONCERN_SEL_1984,"Consistency in Attendance",failure,CONCERN_SEL_1984,31,false
"i need help with consistency in attendance",CONCERN_SEL_1984,"Consistency in Attendance",failure,CONCERN_SEL_1984,31,false
"i keep struggling with revision consistency",CONCERN_SEL_2019,"Revision Consistency",failure,CONCERN_DIS_2406,29,false
"i keep struggling with awareness of emerging career opportunities",CONCERN_SEL_204,"Awareness of Emerging Career Opportunities",failure,CONCERN_CON_516,31,false
"i cannot manage awareness of emerging career opportunities",CONCERN_SEL_204,"Awareness of Emerging Career Opportunities",failure,CONCERN_CON_516,31,false
"i need help with awareness of emerging career opportunities",CONCERN_SEL_204,"Awareness of Emerging Career Opportunities",failure,CONCERN_CON_516,31,false
"i keep struggling with study rhythm",CONCERN_SEL_2043,"Study Rhythm",failure,CONCERN_SEL_2043,41,false
"i cannot manage study rhythm",CONCERN_SEL_2043,"Study Rhythm",failure,CONCERN_SEL_2043,38,false
"i need help with study rhythm",CONCERN_SEL_2043,"Study Rhythm",failure,CONCERN_SEL_2043,38,false
"i keep struggling with consistency in attendance",CONCERN_SEL_2472,"Consistency in Attendance",failure,CONCERN_SEL_1984,31,false
"i cannot manage consistency in attendance",CONCERN_SEL_2472,"Consistency in Attendance",failure,CONCERN_SEL_1984,31,false
"i need help with consistency in attendance",CONCERN_SEL_2472,"Consistency in Attendance",failure,CONCERN_SEL_1984,31,false
"i keep struggling with leadership initiative",CONCERN_SOC_1670,"Leadership Initiative",failure,CONCERN_SOC_1670,31,false
"i cannot manage leadership initiative",CONCERN_SOC_1670,"Leadership Initiative",failure,CONCERN_SOC_1670,31,false
"i struggle with loneliness",CONCERN_SOC_1757,"Loneliness",failure,CONCERN_CAR_256,37,true
"i have trouble with loneliness",CONCERN_SOC_1757,"Loneliness",failure,CONCERN_SOC_1757,37,true
"i keep struggling with loneliness",CONCERN_SOC_1757,"Loneliness",failure,CONCERN_SOC_1757,30,true
"i cannot manage loneliness",CONCERN_SOC_1757,"Loneliness",failure,CONCERN_SOC_1757,30,true
"i need help with loneliness",CONCERN_SOC_1757,"Loneliness",failure,CONCERN_SOC_1757,30,true
"i keep struggling with friendship toxicity",CONCERN_SOC_1770,"Friendship Toxicity",failure,CONCERN_SOC_1770,51,false
"i cannot manage friendship toxicity",CONCERN_SOC_1770,"Friendship Toxicity",failure,CONCERN_SOC_1770,51,false
"i need help with friendship toxicity",CONCERN_SOC_1770,"Friendship Toxicity",failure,CONCERN_SOC_1770,51,false
"i keep struggling with cyberbullying exposure",CONCERN_SOC_1771,"Cyberbullying Exposure",failure,CONCERN_SOC_1771,50,false
"i cannot manage cyberbullying exposure",CONCERN_SOC_1771,"Cyberbullying Exposure",failure,CONCERN_SOC_1771,50,false
"i need help with cyberbullying exposure",CONCERN_SOC_1771,"Cyberbullying Exposure",failure,CONCERN_SOC_1771,48,false
"i keep struggling with fear of rejection",CONCERN_SOC_1804,"Fear of Rejection",failure,CONCERN_SOC_1804,38,false
"i cannot manage fear of rejection",CONCERN_SOC_1804,"Fear of Rejection",failure,CONCERN_SOC_1804,30,false
"i need help with fear of rejection",CONCERN_SOC_1804,"Fear of Rejection",failure,CONCERN_SOC_1804,30,false
"i keep struggling with accept criticism",CONCERN_SOC_1806,"Accept Criticism",failure,CONCERN_SOC_1806,39,false
"i cannot manage accept criticism",CONCERN_SOC_1806,"Accept Criticism",failure,CONCERN_SOC_1806,37,false
"i need help with accept criticism",CONCERN_SOC_1806,"Accept Criticism",failure,CONCERN_SOC_1806,45,false
"i struggle with emotional blackmail tendencies",CONCERN_SOC_1808,"Emotional Blackmail Tendencies",failure,CONCERN_SOC_1808,34,false
"i have trouble with emotional blackmail tendencies",CONCERN_SOC_1808,"Emotional Blackmail Tendencies",failure,CONCERN_SOC_1808,53,false
"i keep struggling with emotional blackmail tendencies",CONCERN_SOC_1808,"Emotional Blackmail Tendencies",failure,CONCERN_SOC_1808,38,false
"i cannot manage emotional blackmail tendencies",CONCERN_SOC_1808,"Emotional Blackmail Tendencies",failure,CONCERN_SOC_1808,36,false
"i need help with emotional blackmail tendencies",CONCERN_SOC_1808,"Emotional Blackmail Tendencies",failure,CONCERN_SOC_1808,33,false
"i keep struggling with healthy friendships",CONCERN_SOC_1880,"Healthy Friendships",failure,CONCERN_SOC_1880,48,false
"i cannot manage healthy friendships",CONCERN_SOC_1880,"Healthy Friendships",failure,CONCERN_SOC_1880,48,false
"i need help with healthy friendships",CONCERN_SOC_1880,"Healthy Friendships",failure,CONCERN_SOC_1880,48,false
"i cannot manage classroom discussions",CONCERN_SOC_2086,"Classroom Discussions",failure,CONCERN_SOC_2086,40,false
"i need help with classroom discussions",CONCERN_SOC_2086,"Classroom Discussions",failure,CONCERN_SOC_2086,38,false
"i keep struggling with inclusion sensitivity in group activities",CONCERN_SOC_2374,"Inclusion Sensitivity in Group Activities",failure,CONCERN_SOC_2374,47,false
"i cannot manage inclusion sensitivity in group activities",CONCERN_SOC_2374,"Inclusion Sensitivity in Group Activities",failure,CONCERN_SOC_2374,46,false
"i need help with inclusion sensitivity in group activities",CONCERN_SOC_2374,"Inclusion Sensitivity in Group Activities",failure,CONCERN_SOC_2374,50,false
"i keep struggling with emotional boundaries among students",CONCERN_SOC_2382,"Emotional Boundaries Among Students",failure,CONCERN_SOC_2382,27,false
"i need help with emotional boundaries among students",CONCERN_SOC_2382,"Emotional Boundaries Among Students",failure,CONCERN_SOC_2382,27,false
"i keep struggling with perspective-taking during team activities",CONCERN_SOC_2385,"Perspective-Taking During Team Activities",failure,CONCERN_SOC_2385,41,false
"i cannot manage perspective-taking during team activities",CONCERN_SOC_2385,"Perspective-Taking During Team Activities",failure,CONCERN_SOC_2385,35,false
"i need help with perspective-taking during team activities",CONCERN_SOC_2385,"Perspective-Taking During Team Activities",failure,CONCERN_SOC_2385,42,false
"i cannot manage adapt communication across hierarchies",CONCERN_SOC_440,"Adapt Communication Across Hierarchies",failure,CONCERN_SOC_440,29,false
"i cannot manage learning agility",CONCERN_STE_1724,"Learning Agility",failure,CONCERN_STE_1724,31,false
"i need help with learning agility",CONCERN_STE_1724,"Learning Agility",failure,CONCERN_STE_1724,31,false
"i keep struggling with unexpected questions",CONCERN_STE_2025,"Unexpected Questions",failure,CONCERN_STE_2025,33,false
"i cannot manage unexpected questions",CONCERN_STE_2025,"Unexpected Questions",failure,CONCERN_STE_2025,33,false
"i keep struggling with scientific temperament",CONCERN_STE_2107,"Scientific Temperament",failure,CONCERN_STE_2107,49,false
"i cannot manage scientific temperament",CONCERN_STE_2107,"Scientific Temperament",failure,CONCERN_STE_2107,49,false
"i need help with scientific temperament",CONCERN_STE_2107,"Scientific Temperament",failure,CONCERN_STE_2107,49,false
"i keep struggling with executive communication",CONCERN_STR_766,"Executive Communication",failure,CONCERN_EMO_1066,32,false
"i cannot manage executive communication",CONCERN_STR_766,"Executive Communication",failure,CONCERN_EMO_1066,32,false
"i need help with executive communication",CONCERN_STR_766,"Executive Communication",failure,CONCERN_EMO_1066,32,false
"i struggle with interest in studies",CONCERN_STU_1353,"interest in studies",failure,CONCERN_CAR_256,31,true
"i have trouble with interest in studies",CONCERN_STU_1353,"interest in studies",failure,CONCERN_STU_1353,25,true
"i keep struggling with interest in studies",CONCERN_STU_1353,"interest in studies",failure,CONCERN_STU_1353,22,false
"i cannot manage interest in studies",CONCERN_STU_1353,"interest in studies",failure,CONCERN_STU_1353,27,false
"i cannot manage problem-solving ability",CONCERN_STU_1369,"problem-solving ability",failure,CONCERN_FOU_1933,28,false
"i keep struggling with curiosity-driven learning",CONCERN_STU_1374,"curiosity-driven learning",failure,CONCERN_STU_1374,30,false
"i cannot manage curiosity-driven learning",CONCERN_STU_1374,"curiosity-driven learning",failure,CONCERN_STU_1374,30,false
"i need help with curiosity-driven learning",CONCERN_STU_1374,"curiosity-driven learning",failure,CONCERN_STU_1374,30,false
"i keep struggling with analytical thinking",CONCERN_THI_1934,"Analytical Thinking",failure,CONCERN_ACA_1651,32,false
"i cannot manage analytical thinking",CONCERN_THI_1934,"Analytical Thinking",failure,CONCERN_ACA_1651,32,false
"i cannot manage learning agility",CONCERN_THI_1935,"Learning Agility",failure,CONCERN_STE_1724,31,false
"i need help with learning agility",CONCERN_THI_1935,"Learning Agility",failure,CONCERN_STE_1724,31,false
"i keep struggling with academic self-monitoring",CONCERN_THI_1983,"Academic Self-Monitoring",failure,CONCERN_THI_1983,30,false
"i cannot manage academic self-monitoring",CONCERN_THI_1983,"Academic Self-Monitoring",failure,CONCERN_THI_1983,30,false
"i need help with academic self-monitoring",CONCERN_THI_1983,"Academic Self-Monitoring",failure,CONCERN_THI_1983,30,false
"i cannot manage group discussions",CONCERN_THI_2026,"Group Discussions",failure,CONCERN_EMO_366,31,false
"i need help with group discussions",CONCERN_THI_2026,"Group Discussions",failure,CONCERN_EMO_366,31,false
"i keep struggling with academic self-monitoring",CONCERN_THI_2471,"Academic Self-Monitoring",failure,CONCERN_THI_1983,30,false
"i cannot manage academic self-monitoring",CONCERN_THI_2471,"Academic Self-Monitoring",failure,CONCERN_THI_1983,30,false
"i need help with academic self-monitoring",CONCERN_THI_2471,"Academic Self-Monitoring",failure,CONCERN_THI_1983,30,false
"i keep struggling with high-stakes presentations",CONCERN_WOR_562,"High-Stakes Presentations",failure,CONCERN_WOR_562,45,false
"i cannot manage high-stakes presentations",CONCERN_WOR_562,"High-Stakes Presentations",failure,CONCERN_WOR_562,45,false
"i need help with high-stakes presentations",CONCERN_WOR_562,"High-Stakes Presentations",failure,CONCERN_WOR_562,45,false
"i keep struggling with cross-functional collaboration",CONCERN_WOR_582,"Cross-Functional Collaboration",failure,CONCERN_EMO_1074,34,false
"i cannot manage cross-functional collaboration",CONCERN_WOR_582,"Cross-Functional Collaboration",failure,CONCERN_EMO_1074,34,false
"i need help with cross-functional collaboration",CONCERN_WOR_582,"Cross-Functional Collaboration",failure,CONCERN_EMO_1074,34,false
"i struggle with professional boundaries with colleagues",CONCERN_WOR_703,"Professional Boundaries with Colleagues",failure,CONCERN_WOR_703,40,false
"i have trouble with professional boundaries with colleagues",CONCERN_WOR_703,"Professional Boundaries with Colleagues",failure,CONCERN_WOR_703,40,false
"i keep struggling with professional boundaries with colleagues",CONCERN_WOR_703,"Professional Boundaries with Colleagues",failure,CONCERN_WOR_703,36,false
"i cannot manage professional boundaries with colleagues",CONCERN_WOR_703,"Professional Boundaries with Colleagues",failure,CONCERN_WOR_703,34,false
"i need help with professional boundaries with colleagues",CONCERN_WOR_703,"Professional Boundaries with Colleagues",failure,CONCERN_WOR_703,34,false
"i keep struggling with balancing existing responsibilities with career reinvention",CONCERN_WOR_985,"Balancing Existing Responsibilities with Career Reinvention",failure,CONCERN_WOR_985,38,false
"i cannot manage balancing existing responsibilities with career reinvention",CONCERN_WOR_985,"Balancing Existing Responsibilities with Career Reinvention",failure,CONCERN_WOR_985,34,false
"i need help with balancing existing responsibilities with career reinvention",CONCERN_WOR_985,"Balancing Existing Responsibilities with Career Reinvention",failure,CONCERN_WOR_985,36,false